formatted_date,date,close,high,low,open,volume,adjclose,changes
2021-01-02,2021-01-02,33155.0,29091.0,29376.0,32127.0,67865420765,32127.0,neutral
2021-01-03,2021-01-03,34609.0,32052.0,32129.0,32782.0,78665235202,32782.0,positive
2021-01-04,2021-01-04,33440.0,28723.0,32811.0,31972.0,81163475344,31972.0,negative
2021-01-05,2021-01-05,34438.0,30221.0,31977.0,33992.0,67547324782,33992.0,positive
2021-01-06,2021-01-06,36880.0,33514.0,34014.0,36824.0,75289433811,36824.0,positive
2021-01-07,2021-01-07,40180.0,36491.0,36834.0,39371.0,84762141031,39371.0,positive
2021-01-08,2021-01-08,41947.0,36839.0,39382.0,40798.0,88107519480,40798.0,positive
2021-01-09,2021-01-09,41436.0,38981.0,40789.0,40255.0,61984162837,40255.0,negative
2021-01-10,2021-01-10,41420.0,35985.0,40254.0,38356.0,79980747690,38356.0,negative
2021-01-11,2021-01-11,38347.0,30550.0,38347.0,35567.0,123320567399,35567.0,negative
2021-01-12,2021-01-12,36569.0,32698.0,35516.0,33923.0,74773277909,33923.0,negative
2021-01-13,2021-01-13,37600.0,32585.0,33915.0,37316.0,69364315979,37316.0,positive
2021-01-14,2021-01-14,39966.0,36869.0,37325.0,39187.0,63615990033,39187.0,positive
2021-01-15,2021-01-15,39578.0,34660.0,39157.0,36825.0,67760757881,36825.0,negative
2021-01-16,2021-01-16,37864.0,35634.0,36822.0,36178.0,57706187875,36178.0,negative
2021-01-17,2021-01-17,36722.0,34069.0,36164.0,35791.0,52359854336,35791.0,negative
2021-01-18,2021-01-18,37299.0,34884.0,35792.0,36630.0,49511702429,36630.0,positive
2021-01-19,2021-01-19,37756.0,36070.0,36642.0,36070.0,57244195486,36070.0,positive
2021-01-20,2021-01-20,36378.0,33570.0,36050.0,35548.0,66834573161,35548.0,negative
2021-01-21,2021-01-21,35553.0,30251.0,35549.0,30826.0,75643067688,30826.0,negative
2021-01-22,2021-01-22,33812.0,28953.0,30818.0,33006.0,77207272511,33006.0,negative
2021-01-23,2021-01-23,33361.0,31493.0,32986.0,32068.0,48354737975,32068.0,negative
2021-01-24,2021-01-24,32944.0,31107.0,32064.0,32289.0,48643830599,32289.0,negative
2021-01-25,2021-01-25,34803.0,32088.0,32286.0,32366.0,59897054838,32366.0,positive
2021-01-26,2021-01-26,32795.0,31030.0,32359.0,32570.0,60255421470,32570.0,negative
2021-01-27,2021-01-27,32564.0,29367.0,32564.0,30433.0,62576762015,30433.0,negative
2021-01-28,2021-01-28,33858.0,30023.0,30441.0,33466.0,76517157706,33466.0,positive
2021-01-29,2021-01-29,38406.0,32065.0,34319.0,34316.0,117894572511,34316.0,positive
2021-01-30,2021-01-30,34835.0,32940.0,34296.0,34270.0,65141828798,34270.0,negative
2021-01-31,2021-01-31,34288.0,32270.0,34271.0,33114.0,52754542671,33114.0,negative
2021-02-01,2021-02-01,34638.0,32384.0,33115.0,33537.0,61400400660,33537.0,positive
2021-02-02,2021-02-02,35897.0,33489.0,33533.0,35510.0,63088585433,35510.0,positive
2021-02-03,2021-02-03,37480.0,35444.0,35511.0,37472.0,61166818159,37472.0,positive
2021-02-04,2021-02-04,38592.0,36318.0,37475.0,36926.0,68838074392,36926.0,positive
2021-02-05,2021-02-05,38226.0,36659.0,36932.0,38144.0,58598066402,38144.0,negative
2021-02-06,2021-02-06,40847.0,38138.0,38138.0,39266.0,71326033653,39266.0,positive
2021-02-07,2021-02-07,39622.0,37446.0,39250.0,38903.0,65500641143,38903.0,negative
2021-02-08,2021-02-08,46204.0,38076.0,38887.0,46196.0,101467222687,46196.0,positive
2021-02-09,2021-02-09,48004.0,45167.0,46185.0,46481.0,91809846886,46481.0,positive
2021-02-10,2021-02-10,47146.0,43881.0,46470.0,44918.0,87301089896,44918.0,negative
2021-02-11,2021-02-11,48463.0,44188.0,44899.0,47909.0,81388911810,47909.0,positive
2021-02-12,2021-02-12,48746.0,46425.0,47877.0,47505.0,76555041196,47505.0,positive
2021-02-13,2021-02-13,48048.0,46392.0,47491.0,47106.0,70250456155,47106.0,negative
2021-02-14,2021-02-14,49488.0,47115.0,47115.0,48717.0,71248675228,48717.0,positive
2021-02-15,2021-02-15,48876.0,46347.0,48697.0,47945.0,77069903166,47945.0,negative
2021-02-16,2021-02-16,50341.0,47201.0,47944.0,49200.0,77049582886,49200.0,positive
2021-02-17,2021-02-17,52534.0,49072.0,49207.0,52149.0,80820545404,52149.0,positive
2021-02-18,2021-02-18,52474.0,51016.0,52141.0,51680.0,52054723579,51680.0,negative
2021-02-19,2021-02-19,56114.0,50937.0,51676.0,55888.0,63495496918,55888.0,positive
2021-02-20,2021-02-20,57505.0,54627.0,55887.0,56100.0,68145460026,56100.0,positive
2021-02-21,2021-02-21,58331.0,55673.0,56069.0,57540.0,51897585191,57540.0,positive
2021-02-22,2021-02-22,57533.0,48968.0,57533.0,54207.0,92052420332,54207.0,negative
2021-02-23,2021-02-23,54205.0,45291.0,54205.0,48824.0,106102492824,48824.0,negative
2021-02-24,2021-02-24,51290.0,47214.0,48835.0,49705.0,63695521388,49705.0,negative
2021-02-25,2021-02-25,51949.0,47094.0,49709.0,47094.0,54506565949,47094.0,positive
2021-02-26,2021-02-26,48371.0,44455.0,47180.0,46340.0,350967941479,46340.0,negative
2021-02-27,2021-02-27,48253.0,45269.0,46345.0,46188.0,45910946382,46188.0,negative
2021-02-28,2021-02-28,46716.0,43242.0,46194.0,45138.0,53443887451,45138.0,negative
2021-03-01,2021-03-01,49784.0,45115.0,45160.0,49631.0,53891300112,49631.0,positive
2021-03-02,2021-03-02,50128.0,47229.0,49612.0,48379.0,47530897720,48379.0,positive
2021-03-03,2021-03-03,52535.0,48274.0,48416.0,50538.0,53220811975,50538.0,positive
2021-03-04,2021-03-04,51735.0,47657.0,50522.0,48561.0,52343816680,48561.0,negative
2021-03-05,2021-03-05,49396.0,46543.0,48527.0,48927.0,48625928883,48927.0,negative
2021-03-06,2021-03-06,49147.0,47258.0,48899.0,48912.0,34363564661,48912.0,negative
2021-03-07,2021-03-07,51384.0,48919.0,48919.0,51207.0,43137459378,51207.0,positive
2021-03-08,2021-03-08,52314.0,49506.0,51174.0,52247.0,48597428048,52247.0,positive
2021-03-09,2021-03-09,54824.0,51982.0,52273.0,54824.0,50912227385,54824.0,positive
2021-03-10,2021-03-10,57258.0,53291.0,54824.0,56009.0,57295577614,56009.0,positive
2021-03-11,2021-03-11,58091.0,54485.0,55963.0,57805.0,56772343595,57805.0,positive
2021-03-12,2021-03-12,57997.0,55377.0,57821.0,57332.0,55689944702,57332.0,negative
2021-03-13,2021-03-13,61684.0,56218.0,57343.0,61243.0,60669829814,61243.0,positive
2021-03-14,2021-03-14,61598.0,59302.0,61221.0,59302.0,43901225564,59302.0,negative
2021-03-15,2021-03-15,60541.0,55393.0,59267.0,55907.0,66419369890,55907.0,negative
2021-03-16,2021-03-16,56833.0,53555.0,55841.0,56805.0,59749798599,56805.0,negative
2021-03-17,2021-03-17,58970.0,54529.0,56826.0,58871.0,60258313191,58871.0,positive
2021-03-18,2021-03-18,60116.0,54254.0,58893.0,57859.0,55746041000,57859.0,positive
2021-03-19,2021-03-19,59498.0,56644.0,57850.0,58347.0,49063873786,58347.0,negative
2021-03-20,2021-03-20,60031.0,58213.0,58332.0,58314.0,50361731222,58314.0,positive
2021-03-21,2021-03-21,58768.0,56006.0,58310.0,57523.0,51943414539,57523.0,negative
2021-03-22,2021-03-22,58471.0,54288.0,57518.0,54529.0,56521454974,54529.0,negative
2021-03-23,2021-03-23,55985.0,53471.0,54512.0,54739.0,56435023914,54739.0,negative
2021-03-24,2021-03-24,57262.0,52514.0,54710.0,52774.0,70567223787,52774.0,positive
2021-03-25,2021-03-25,53392.0,50857.0,52727.0,51704.0,67999812841,51704.0,negative
2021-03-26,2021-03-26,55137.0,51580.0,51683.0,55137.0,56652197978,55137.0,positive
2021-03-27,2021-03-27,56568.0,54243.0,55138.0,55974.0,47266542233,55974.0,positive
2021-03-28,2021-03-28,56610.0,55071.0,55975.0,55951.0,47686580918,55951.0,positive
2021-03-29,2021-03-29,58342.0,55139.0,55948.0,57750.0,57625587027,57750.0,positive
2021-03-30,2021-03-30,59447.0,57252.0,57750.0,58918.0,54414116432,58918.0,positive
2021-03-31,2021-03-31,59930.0,57726.0,58930.0,58919.0,65520826225,58919.0,positive
2021-04-01,2021-04-01,59586.0,58505.0,58927.0,59096.0,61669163792,59096.0,negative
2021-04-02,2021-04-02,60267.0,58869.0,59099.0,59384.0,58727860620,59384.0,positive
2021-04-03,2021-04-03,60110.0,57604.0,59397.0,57604.0,59641344484,57604.0,negative
2021-04-04,2021-04-04,58914.0,57169.0,57605.0,58759.0,50749662970,58759.0,negative
2021-04-05,2021-04-05,59891.0,57695.0,58761.0,59058.0,60706272115,59058.0,positive
2021-04-06,2021-04-06,59480.0,57647.0,59172.0,58192.0,66058027988,58192.0,negative
2021-04-07,2021-04-07,58731.0,55604.0,58187.0,56049.0,75645303584,56049.0,negative
2021-04-08,2021-04-08,58339.0,55879.0,56100.0,58324.0,53053855641,58324.0,negative
2021-04-09,2021-04-09,58937.0,57808.0,58327.0,58245.0,46655208546,58245.0,positive
2021-04-10,2021-04-10,61277.0,58039.0,58254.0,59793.0,58238470525,59793.0,positive
2021-04-11,2021-04-11,60791.0,59290.0,59846.0,60205.0,46280252580,60205.0,negative
2021-04-12,2021-04-12,61253.0,59590.0,60176.0,59893.0,51828688519,59893.0,positive
2021-04-13,2021-04-13,63742.0,59870.0,59890.0,63503.0,69983454362,63503.0,positive
2021-04-14,2021-04-14,64863.0,61555.0,63524.0,63110.0,77451779687,63110.0,positive
2021-04-15,2021-04-15,63822.0,62209.0,63075.0,63314.0,60954381579,63314.0,negative
2021-04-16,2021-04-16,63595.0,60223.0,63259.0,61573.0,84293007468,61573.0,negative
2021-04-17,2021-04-17,62572.0,60361.0,61530.0,60684.0,66138759198,60684.0,negative
2021-04-18,2021-04-18,61057.0,52830.0,60702.0,56216.0,97468872758,56216.0,negative
2021-04-19,2021-04-19,57520.0,54369.0,56192.0,55724.0,65344865159,55724.0,negative
2021-04-20,2021-04-20,57062.0,53448.0,55682.0,56473.0,67849323955,56473.0,negative
2021-04-21,2021-04-21,56758.0,53695.0,56471.0,53906.0,54926612466,53906.0,negative
2021-04-22,2021-04-22,55410.0,50584.0,53857.0,51762.0,74798630778,51762.0,negative
2021-04-23,2021-04-23,52121.0,47715.0,51740.0,51094.0,86668667320,51094.0,negative
2021-04-24,2021-04-24,51168.0,48805.0,51143.0,50051.0,49014494781,50051.0,negative
2021-04-25,2021-04-25,50506.0,47159.0,50053.0,49004.0,46117114240,49004.0,negative
2021-04-26,2021-04-26,54288.0,48853.0,49078.0,54022.0,58284039825,54022.0,positive
2021-04-27,2021-04-27,55417.0,53319.0,54030.0,55033.0,49448222757,55033.0,positive
2021-04-28,2021-04-28,56227.0,53888.0,55037.0,54825.0,48000572955,54825.0,positive
2021-04-29,2021-04-29,55116.0,52418.0,54858.0,53555.0,46088929780,53555.0,negative
2021-04-30,2021-04-30,57901.0,53130.0,53569.0,57750.0,52395931985,57750.0,positive
2021-05-01,2021-05-01,58448.0,57052.0,57715.0,57828.0,42836427360,57828.0,positive
2021-05-02,2021-05-02,57903.0,56142.0,57826.0,56631.0,38177405335,56631.0,negative
2021-05-03,2021-05-03,58973.0,56591.0,56620.0,57200.0,51713139031,57200.0,positive
2021-05-04,2021-05-04,57214.0,53191.0,57214.0,53334.0,68564706967,53334.0,negative
2021-05-05,2021-05-05,57911.0,52969.0,53252.0,57424.0,69241316747,57424.0,positive
2021-05-06,2021-05-06,58363.0,55383.0,57441.0,56397.0,69523285106,56397.0,positive
2021-05-07,2021-05-07,58607.0,55322.0,56414.0,57356.0,68434023376,57356.0,positive
2021-05-08,2021-05-08,59465.0,56975.0,57353.0,58804.0,65382980634,58804.0,positive
2021-05-09,2021-05-09,59211.0,56482.0,58877.0,58232.0,65906690347,58232.0,negative
2021-05-10,2021-05-10,59519.0,54071.0,58251.0,55860.0,71776546298,55860.0,positive
2021-05-11,2021-05-11,56873.0,54609.0,55847.0,56705.0,61308396325,56705.0,negative
2021-05-12,2021-05-12,57939.0,49151.0,56715.0,49151.0,75215403907,49151.0,positive
2021-05-13,2021-05-13,51331.0,46980.0,49735.0,49716.0,96721152926,49716.0,negative
2021-05-14,2021-05-14,51438.0,48869.0,49683.0,49881.0,55737497453,49881.0,positive
2021-05-15,2021-05-15,50640.0,46664.0,49855.0,46760.0,59161047474,46760.0,negative
2021-05-16,2021-05-16,49720.0,43963.0,46717.0,46456.0,64047871555,46456.0,negative
2021-05-17,2021-05-17,46624.0,42207.0,46416.0,43538.0,74903638450,43538.0,negative
2021-05-18,2021-05-18,45812.0,42368.0,43488.0,42909.0,56187365084,42909.0,negative
2021-05-19,2021-05-19,43546.0,30681.0,42945.0,37002.0,126358098747,37002.0,negative
2021-05-20,2021-05-20,42463.0,35051.0,36754.0,40783.0,88281943359,40783.0,negative
2021-05-21,2021-05-21,42172.0,33616.0,40597.0,37305.0,82051616861,37305.0,negative
2021-05-22,2021-05-22,38831.0,35384.0,37371.0,37537.0,57377273240,37537.0,negative
2021-05-23,2021-05-23,38289.0,31227.0,37531.0,34771.0,78469274361,34771.0,negative
2021-05-24,2021-05-24,39835.0,34551.0,34700.0,38706.0,67359584098,38706.0,positive
2021-05-25,2021-05-25,39776.0,36581.0,38796.0,38402.0,56211915803,38402.0,negative
2021-05-26,2021-05-26,40782.0,37906.0,38393.0,39294.0,51346735160,39294.0,positive
2021-05-27,2021-05-27,40380.0,37248.0,39317.0,38437.0,43210968721,38437.0,negative
2021-05-28,2021-05-28,38857.0,34779.0,38507.0,35698.0,55200191952,35698.0,negative
2021-05-29,2021-05-29,37234.0,33694.0,35684.0,34616.0,45231013335,34616.0,negative
2021-05-30,2021-05-30,36401.0,33521.0,34607.0,35678.0,31646080921,35678.0,negative
2021-05-31,2021-05-31,37468.0,34242.0,35659.0,37333.0,39009847639,37333.0,positive
2021-06-01,2021-06-01,37897.0,35787.0,37294.0,36685.0,34639423297,36685.0,positive
2021-06-02,2021-06-02,38231.0,35966.0,36700.0,37575.0,33070867190,37575.0,positive
2021-06-03,2021-06-03,39479.0,37244.0,37599.0,39209.0,35460750427,39209.0,positive
2021-06-04,2021-06-04,39242.0,35718.0,39242.0,36894.0,41831090187,36894.0,negative
2021-06-05,2021-06-05,37918.0,34900.0,36880.0,35552.0,35959473399,35552.0,negative
2021-06-06,2021-06-06,36436.0,35305.0,35539.0,35862.0,28913440585,35862.0,negative
2021-06-07,2021-06-07,36791.0,33481.0,35835.0,33561.0,33683936663,33561.0,positive
2021-06-08,2021-06-08,34017.0,31114.0,33590.0,33473.0,49902050442,33473.0,negative
2021-06-09,2021-06-09,37537.0,32476.0,33417.0,37345.0,53972919008,37345.0,positive
2021-06-10,2021-06-10,38334.0,35848.0,37390.0,36703.0,43576032854,36703.0,positive
2021-06-11,2021-06-11,37609.0,36044.0,36697.0,37334.0,38699736985,37334.0,negative
2021-06-12,2021-06-12,37409.0,34728.0,37340.0,35553.0,37924228550,35553.0,negative
2021-06-13,2021-06-13,39323.0,34864.0,35556.0,39098.0,40669112838,39098.0,positive
2021-06-14,2021-06-14,40978.0,38757.0,39017.0,40218.0,43148914673,40218.0,positive
2021-06-15,2021-06-15,41295.0,39609.0,40427.0,40406.0,46420149185,40406.0,positive
2021-06-16,2021-06-16,40517.0,38176.0,40169.0,38347.0,39211635100,38347.0,negative
2021-06-17,2021-06-17,39514.0,37440.0,38341.0,38054.0,37096670047,38054.0,negative
2021-06-18,2021-06-18,38187.0,35256.0,38099.0,35787.0,36200887275,35787.0,negative
2021-06-19,2021-06-19,36458.0,34933.0,35855.0,35616.0,31207279719,35616.0,negative
2021-06-20,2021-06-20,36059.0,33432.0,35563.0,35698.0,36664034054,35698.0,negative
2021-06-21,2021-06-21,35722.0,31296.0,35641.0,31677.0,52809038594,31677.0,negative
2021-06-22,2021-06-22,33292.0,28894.0,31622.0,32506.0,58964353058,32506.0,negative
2021-06-23,2021-06-23,34753.0,31773.0,32516.0,33723.0,46317108925,33723.0,positive
2021-06-24,2021-06-24,35229.0,32385.0,33683.0,34662.0,33123368116,34662.0,positive
2021-06-25,2021-06-25,35487.0,31351.0,34659.0,31638.0,40230904226,31638.0,positive
2021-06-26,2021-06-26,32638.0,30185.0,31595.0,32186.0,38585385521,32186.0,negative
2021-06-27,2021-06-27,34656.0,32072.0,32288.0,34650.0,35511640894,34650.0,positive
2021-06-28,2021-06-28,35220.0,33902.0,34679.0,34434.0,33892523752,34434.0,positive
2021-06-29,2021-06-29,36542.0,34252.0,34476.0,35868.0,37901460044,35868.0,positive
2021-06-30,2021-06-30,36075.0,34086.0,35908.0,35041.0,34059036099,35041.0,negative
2021-07-01,2021-07-01,35036.0,32884.0,35036.0,33572.0,37838957079,33572.0,negative
2021-07-02,2021-07-02,33940.0,32771.0,33550.0,33897.0,38728974942,33897.0,negative
2021-07-03,2021-07-03,34909.0,33403.0,33854.0,34669.0,24383958643,34669.0,positive
2021-07-04,2021-07-04,35938.0,34396.0,34666.0,35288.0,24924307911,35288.0,positive
2021-07-05,2021-07-05,35284.0,33214.0,35284.0,33746.0,26721554282,33746.0,negative
2021-07-06,2021-07-06,35039.0,33600.0,33724.0,34235.0,26501259870,34235.0,negative
2021-07-07,2021-07-07,34998.0,33839.0,34226.0,33855.0,24796027477,33855.0,negative
2021-07-08,2021-07-08,33908.0,32133.0,33890.0,32877.0,29910396946,32877.0,negative
2021-07-09,2021-07-09,34042.0,32319.0,32862.0,33798.0,27436021028,33798.0,positive
2021-07-10,2021-07-10,34209.0,33116.0,33811.0,33521.0,22971873468,33521.0,positive
2021-07-11,2021-07-11,34585.0,33347.0,33509.0,34240.0,20108729370,34240.0,positive
2021-07-12,2021-07-12,34592.0,32697.0,34254.0,33156.0,24321499537,33156.0,positive
2021-07-13,2021-07-13,33327.0,32261.0,33125.0,32702.0,19120856669,32702.0,negative
2021-07-14,2021-07-14,33061.0,31639.0,32724.0,32822.0,21376531210,32822.0,negative
2021-07-15,2021-07-15,33160.0,31176.0,32828.0,31781.0,21300524237,31781.0,positive
2021-07-16,2021-07-16,32218.0,31101.0,31842.0,31422.0,23699476918,31422.0,negative
2021-07-17,2021-07-17,31936.0,31224.0,31397.0,31533.0,18895018942,31533.0,negative
2021-07-18,2021-07-18,32399.0,31215.0,31534.0,31797.0,18787986667,31797.0,positive
2021-07-19,2021-07-19,31886.0,30564.0,31800.0,30818.0,20434789545,30818.0,negative
2021-07-20,2021-07-20,31006.0,29361.0,30838.0,29807.0,23148267245,29807.0,negative
2021-07-21,2021-07-21,32752.0,29526.0,29796.0,32111.0,28203024559,32111.0,positive
2021-07-22,2021-07-22,32576.0,31745.0,32139.0,32313.0,19555230518,32313.0,negative
2021-07-23,2021-07-23,33582.0,32058.0,32306.0,33582.0,22552046192,33582.0,positive
2021-07-24,2021-07-24,34490.0,33425.0,33594.0,34292.0,21664706865,34292.0,positive
2021-07-25,2021-07-25,35365.0,33882.0,34290.0,35350.0,20856685287,35350.0,positive
2021-07-26,2021-07-26,40500.0,35287.0,35384.0,37338.0,51022126212,37338.0,positive
2021-07-27,2021-07-27,39407.0,36442.0,37276.0,39407.0,35097370560,39407.0,negative
2021-07-28,2021-07-28,40816.0,38862.0,39503.0,39996.0,38702404695,39996.0,positive
2021-07-29,2021-07-29,40593.0,39352.0,39995.0,40008.0,27167146027,40008.0,negative
2021-07-30,2021-07-30,42236.0,38397.0,40027.0,42236.0,33072782960,42236.0,positive
2021-07-31,2021-07-31,42231.0,41111.0,42196.0,41626.0,25802845343,41626.0,negative
2021-08-01,2021-08-01,42542.0,39541.0,41461.0,39975.0,26688438115,39975.0,positive
2021-08-02,2021-08-02,40419.0,38746.0,39907.0,39202.0,25595265436,39202.0,negative
2021-08-03,2021-08-03,39750.0,37782.0,39178.0,38153.0,26189830450,38153.0,negative
2021-08-04,2021-08-04,39952.0,37589.0,38213.0,39748.0,25372562724,39748.0,positive
2021-08-05,2021-08-05,41342.0,37458.0,39745.0,40870.0,35185031017,40870.0,positive
2021-08-06,2021-08-06,43272.0,39932.0,40866.0,42816.0,38226483046,42816.0,positive
2021-08-07,2021-08-07,44690.0,42619.0,42833.0,44556.0,40030862141,44556.0,positive
2021-08-08,2021-08-08,45282.0,43332.0,44574.0,43798.0,36302664750,43798.0,positive
2021-08-09,2021-08-09,46457.0,42849.0,43792.0,46365.0,38734079049,46365.0,positive
2021-08-10,2021-08-10,46638.0,44706.0,46281.0,45585.0,33546019517,45585.0,positive
2021-08-11,2021-08-11,46736.0,45352.0,45600.0,45594.0,34319709073,45594.0,positive
2021-08-12,2021-08-12,46229.0,43861.0,45577.0,44428.0,33723620826,44428.0,negative
2021-08-13,2021-08-13,47832.0,44282.0,44440.0,47793.0,31744259539,47793.0,positive
2021-08-14,2021-08-14,48099.0,46178.0,47811.0,47097.0,31211354442,47097.0,positive
2021-08-15,2021-08-15,47357.0,45580.0,47097.0,47047.0,30988958446,47047.0,negative
2021-08-16,2021-08-16,47998.0,45700.0,47020.0,46004.0,32776876610,46004.0,positive
2021-08-17,2021-08-17,47140.0,44512.0,45936.0,44695.0,33451362600,44695.0,negative
2021-08-18,2021-08-18,45952.0,44364.0,44687.0,44801.0,32194123075,44801.0,negative
2021-08-19,2021-08-19,46971.0,43998.0,44742.0,46718.0,37204312299,46718.0,positive
2021-08-20,2021-08-20,49342.0,46651.0,46723.0,49339.0,34706867452,49339.0,positive
2021-08-21,2021-08-21,49717.0,48312.0,49327.0,48905.0,40585205312,48905.0,positive
2021-08-22,2021-08-22,49472.0,48200.0,48869.0,49322.0,25370975378,49322.0,negative
2021-08-23,2021-08-23,50482.0,49075.0,49292.0,49546.0,34305053719,49546.0,positive
2021-08-24,2021-08-24,49879.0,47687.0,49562.0,47706.0,35361168834,47706.0,negative
2021-08-25,2021-08-25,49203.0,47164.0,47727.0,48961.0,32646349931,48961.0,negative
2021-08-26,2021-08-26,49348.0,46406.0,49003.0,46942.0,32666549568,46942.0,positive
2021-08-27,2021-08-27,49113.0,46394.0,46895.0,49059.0,34511076995,49059.0,negative
2021-08-28,2021-08-28,49284.0,48499.0,49073.0,48902.0,28568103401,48902.0,positive
2021-08-29,2021-08-29,49644.0,47926.0,48911.0,48830.0,25889650240,48830.0,positive
2021-08-30,2021-08-30,48926.0,46950.0,48835.0,47055.0,31847007016,47055.0,negative
2021-08-31,2021-08-31,48190.0,46750.0,47024.0,47167.0,34730363427,47167.0,negative
2021-09-01,2021-09-01,49111.0,46562.0,47100.0,48847.0,39139399125,48847.0,positive
2021-09-02,2021-09-02,50343.0,48652.0,48808.0,49328.0,39508070319,49328.0,positive
2021-09-03,2021-09-03,50982.0,48386.0,49288.0,50025.0,43206179619,50025.0,positive
2021-09-04,2021-09-04,50546.0,49549.0,50009.0,49945.0,37471327794,49945.0,negative
2021-09-05,2021-09-05,51869.0,49539.0,49938.0,51753.0,30322676319,51753.0,positive
2021-09-06,2021-09-06,52701.0,51054.0,51769.0,52634.0,38884105426,52634.0,positive
2021-09-07,2021-09-07,52854.0,43285.0,52660.0,46811.0,65210059683,46811.0,positive
2021-09-08,2021-09-08,47334.0,44561.0,46828.0,46091.0,49007762488,46091.0,negative
2021-09-09,2021-09-09,47262.0,45670.0,45775.0,46391.0,38672657013,46391.0,negative
2021-09-10,2021-09-10,47032.0,44344.0,46397.0,44884.0,39154666597,44884.0,negative
2021-09-11,2021-09-11,45969.0,44818.0,44870.0,45201.0,34499835245,45201.0,negative
2021-09-12,2021-09-12,46365.0,44790.0,45207.0,46063.0,27881980161,46063.0,positive
2021-09-13,2021-09-13,46599.0,43591.0,46057.0,44963.0,40969943253,44963.0,positive
2021-09-14,2021-09-14,47218.0,44752.0,44960.0,47092.0,38652152880,47092.0,positive
2021-09-15,2021-09-15,48450.0,46773.0,47098.0,48176.0,30484496466,48176.0,positive
2021-09-16,2021-09-16,48487.0,47080.0,48159.0,47783.0,31764293754,47783.0,positive
2021-09-17,2021-09-17,48161.0,46833.0,47771.0,47268.0,28727713711,47268.0,negative
2021-09-18,2021-09-18,48792.0,47087.0,47274.0,48278.0,28575630451,48278.0,positive
2021-09-19,2021-09-19,48328.0,46920.0,48269.0,47260.0,26967722648,47260.0,negative
2021-09-20,2021-09-20,47328.0,42599.0,47261.0,42844.0,43909845642,42844.0,negative
2021-09-21,2021-09-21,43608.0,39788.0,43012.0,40694.0,48701090088,40694.0,negative
2021-09-22,2021-09-22,43979.0,40626.0,40678.0,43575.0,38139709246,43575.0,positive
2021-09-23,2021-09-23,44942.0,43109.0,43560.0,44895.0,34244064430,44895.0,positive
2021-09-24,2021-09-24,45080.0,40937.0,44894.0,42840.0,42839345714,42840.0,positive
2021-09-25,2021-09-25,42996.0,41760.0,42841.0,42717.0,31604717236,42717.0,negative
2021-09-26,2021-09-26,43919.0,40848.0,42722.0,43209.0,30661222077,43209.0,positive
2021-09-27,2021-09-27,44313.0,42191.0,43234.0,42236.0,30980029059,42236.0,positive
2021-09-28,2021-09-28,42775.0,40932.0,42201.0,41035.0,30214940550,41035.0,negative
2021-09-29,2021-09-29,42545.0,40830.0,41065.0,41564.0,30602359905,41564.0,negative
2021-09-30,2021-09-30,44093.0,41445.0,41551.0,43791.0,31141681925,43791.0,positive
2021-10-01,2021-10-01,48436.0,43320.0,43817.0,48117.0,42850641582,48117.0,positive
2021-10-02,2021-10-02,48282.0,47465.0,48137.0,47711.0,30614346492,47711.0,negative
2021-10-03,2021-10-03,49131.0,47157.0,47680.0,48200.0,26638115879,48200.0,positive
2021-10-04,2021-10-04,49457.0,47045.0,48209.0,49113.0,33383173002,49113.0,positive
2021-10-05,2021-10-05,51840.0,49073.0,49175.0,51515.0,35873904236,51515.0,positive
2021-10-06,2021-10-06,55568.0,50488.0,51487.0,55361.0,49034730168,55361.0,positive
2021-10-07,2021-10-07,55339.0,53525.0,55339.0,53806.0,36807860413,53806.0,negative
2021-10-08,2021-10-08,55923.0,53688.0,53802.0,53968.0,34800873924,53968.0,positive
2021-10-09,2021-10-09,55398.0,53735.0,53930.0,54968.0,32491211414,54968.0,negative
2021-10-10,2021-10-10,56401.0,54264.0,54953.0,54772.0,39527792364,54772.0,positive
2021-10-11,2021-10-11,57793.0,54520.0,54734.0,57485.0,42637331698,57485.0,positive
2021-10-12,2021-10-12,57628.0,54478.0,57527.0,56041.0,41083758949,56041.0,negative
2021-10-13,2021-10-13,57689.0,54371.0,56038.0,57401.0,41684252783,57401.0,positive
2021-10-14,2021-10-14,58479.0,56957.0,57373.0,57322.0,36615791366,57322.0,positive
2021-10-15,2021-10-15,62757.0,56868.0,57346.0,61594.0,51780081801,61594.0,positive
2021-10-16,2021-10-16,62274.0,60206.0,61610.0,60892.0,34250964237,60892.0,negative
2021-10-17,2021-10-17,61646.0,59164.0,60888.0,61554.0,29032367511,61554.0,negative
2021-10-18,2021-10-18,62615.0,60013.0,61549.0,62026.0,38055562075,62026.0,positive
2021-10-19,2021-10-19,64435.0,61623.0,62043.0,64262.0,40471196346,64262.0,positive
2021-10-20,2021-10-20,66930.0,63611.0,64285.0,65993.0,40788955582,65993.0,positive
2021-10-21,2021-10-21,66601.0,62117.0,66002.0,62210.0,45908121370,62210.0,negative
2021-10-22,2021-10-22,63715.0,60123.0,62238.0,60692.0,38434082775,60692.0,negative
2021-10-23,2021-10-23,61744.0,59827.0,60695.0,61394.0,26882546034,61394.0,negative
2021-10-24,2021-10-24,61506.0,59643.0,61368.0,60931.0,27316183882,60931.0,negative
2021-10-25,2021-10-25,63729.0,60692.0,60894.0,63040.0,31064911614,63040.0,positive
2021-10-26,2021-10-26,63229.0,59991.0,63033.0,60364.0,34878965587,60364.0,negative
2021-10-27,2021-10-27,61435.0,58208.0,60352.0,58482.0,43657076893,58482.0,negative
2021-10-28,2021-10-28,62129.0,58207.0,58471.0,60622.0,45257083247,60622.0,positive
2021-10-29,2021-10-29,62928.0,60330.0,60625.0,62228.0,36856881767,62228.0,positive
2021-10-30,2021-10-30,62330.0,60918.0,62239.0,61889.0,32157938616,61889.0,negative
2021-10-31,2021-10-31,62406.0,60074.0,61850.0,61319.0,32241199927,61319.0,positive
2021-11-01,2021-11-01,62419.0,59695.0,61320.0,61004.0,36150572843,61004.0,positive
2021-11-02,2021-11-02,64243.0,60673.0,60963.0,63226.0,37746665647,63226.0,positive
2021-11-03,2021-11-03,63517.0,61184.0,63254.0,62970.0,36124731509,62970.0,negative
2021-11-04,2021-11-04,63123.0,60800.0,62942.0,61452.0,32615846901,61452.0,negative
2021-11-05,2021-11-05,62541.0,60845.0,61460.0,61126.0,30605102446,61126.0,negative
2021-11-06,2021-11-06,61591.0,60164.0,61069.0,61527.0,29094934221,61527.0,negative
2021-11-07,2021-11-07,63327.0,61432.0,61555.0,63327.0,24726754302,63327.0,positive
2021-11-08,2021-11-08,67674.0,63344.0,63344.0,67567.0,41125608330,67567.0,positive
2021-11-09,2021-11-09,68530.0,66382.0,67550.0,66972.0,42357991721,66972.0,positive
2021-11-10,2021-11-10,68790.0,63208.0,66953.0,64995.0,48730828378,64995.0,positive
2021-11-11,2021-11-11,65579.0,64180.0,64979.0,64950.0,35880633236,64950.0,negative
2021-11-12,2021-11-12,65461.0,62334.0,64864.0,64156.0,36084893887,64156.0,negative
2021-11-13,2021-11-13,64916.0,63304.0,64158.0,64470.0,30474228777,64470.0,negative
2021-11-14,2021-11-14,65495.0,63648.0,64455.0,65467.0,25122092191,65467.0,positive
2021-11-15,2021-11-15,66282.0,63548.0,65521.0,63558.0,30558763548,63558.0,positive
2021-11-16,2021-11-16,63721.0,59016.0,63721.0,60161.0,46844335592,60161.0,negative
2021-11-17,2021-11-17,60824.0,58515.0,60140.0,60368.0,39178392930,60368.0,negative
2021-11-18,2021-11-18,60948.0,56551.0,60360.0,56942.0,41388338699,56942.0,positive
2021-11-19,2021-11-19,58351.0,55705.0,56896.0,58120.0,38702407772,58120.0,negative
2021-11-20,2021-11-20,59860.0,57470.0,58115.0,59697.0,30624264863,59697.0,positive
2021-11-21,2021-11-21,60004.0,58619.0,59731.0,58730.0,26123447605,58730.0,positive
2021-11-22,2021-11-22,59266.0,55680.0,58707.0,56289.0,35036121783,56289.0,negative
2021-11-23,2021-11-23,57876.0,55633.0,56305.0,57569.0,37485803899,57569.0,negative
2021-11-24,2021-11-24,57803.0,55964.0,57566.0,56280.0,36635566789,56280.0,negative
2021-11-25,2021-11-25,59368.0,57147.0,57165.0,57275.0,34284016248,57275.0,positive
2021-11-26,2021-11-26,59183.0,53570.0,58960.0,53570.0,41810748221,53570.0,negative
2021-11-27,2021-11-27,55329.0,53668.0,53736.0,54815.0,30560857714,54815.0,negative
2021-11-28,2021-11-28,57394.0,53577.0,54813.0,57248.0,28116886357,57248.0,positive
2021-11-29,2021-11-29,58873.0,56793.0,57292.0,57807.0,32370840356,57807.0,positive
2021-11-30,2021-11-30,59113.0,56057.0,57830.0,57005.0,36708594618,57005.0,positive
2021-12-01,2021-12-01,59042.0,56553.0,56908.0,57230.0,36858195307,57230.0,negative
2021-12-02,2021-12-02,57349.0,55895.0,57217.0,56478.0,32379968686,56478.0,negative
2021-12-03,2021-12-03,57482.0,52497.0,56509.0,53598.0,39789134215,53598.0,positive
2021-12-04,2021-12-04,53905.0,42875.0,53728.0,49201.0,61385677469,49201.0,negative
2021-12-05,2021-12-05,49768.0,47857.0,49202.0,49369.0,37198201161,49369.0,negative
2021-12-06,2021-12-06,50930.0,47281.0,49413.0,50583.0,37707308001,50583.0,positive
2021-12-07,2021-12-07,51935.0,50176.0,50582.0,50700.0,33676814852,50700.0,positive
2021-12-08,2021-12-08,51171.0,48766.0,50668.0,50505.0,28479699446,50505.0,negative
2021-12-09,2021-12-09,50797.0,47358.0,50450.0,47672.0,29603577251,47672.0,negative
2021-12-10,2021-12-10,50015.0,47024.0,47642.0,47243.0,30966005122,47243.0,negative
2021-12-11,2021-12-11,49458.0,46942.0,47265.0,49363.0,25775869261,49363.0,negative
2021-12-12,2021-12-12,50725.0,48726.0,49355.0,50098.0,21939223599,50098.0,positive
2021-12-13,2021-12-13,50205.0,45895.0,50115.0,46737.0,32166727776,46737.0,negative
2021-12-14,2021-12-14,48431.0,46424.0,46710.0,46613.0,34638619079,46613.0,negative
2021-12-15,2021-12-15,49474.0,46672.0,48380.0,48897.0,36541828520,48897.0,positive
2021-12-16,2021-12-16,49426.0,47530.0,48900.0,47665.0,27268150947,47665.0,negative
2021-12-17,2021-12-17,48005.0,45618.0,47654.0,46202.0,32902725329,46202.0,negative
2021-12-18,2021-12-18,47314.0,45598.0,46219.0,46849.0,26098292690,46849.0,negative
2021-12-19,2021-12-19,48090.0,46503.0,46854.0,46707.0,25154053861,46707.0,positive
2021-12-20,2021-12-20,47402.0,45580.0,46707.0,46880.0,30961902129,46880.0,negative
2021-12-21,2021-12-21,49301.0,46699.0,46886.0,48937.0,27055803928,48937.0,positive
2021-12-22,2021-12-22,49545.0,48451.0,48937.0,48629.0,24447979559,48629.0,positive
2021-12-23,2021-12-23,51332.0,48066.0,48626.0,50785.0,28223878108,50785.0,positive
2021-12-24,2021-12-24,51814.0,50514.0,50806.0,50822.0,24367912228,50822.0,positive
2021-12-25,2021-12-25,51177.0,50237.0,50855.0,50430.0,19030650914,50430.0,negative
2021-12-26,2021-12-26,51196.0,49623.0,50429.0,50810.0,20964372926,50810.0,positive
2021-12-27,2021-12-27,51956.0,50499.0,50803.0,50640.0,24324345758,50640.0,positive
2021-12-28,2021-12-28,50680.0,47414.0,50680.0,47589.0,33430376883,47589.0,negative
2021-12-29,2021-12-29,48120.0,46201.0,47624.0,46445.0,30049226299,46445.0,negative
2021-12-30,2021-12-30,47880.0,46060.0,46491.0,47178.0,26686491018,47178.0,negative
2021-12-31,2021-12-31,48473.0,45820.0,47169.0,46306.0,36974172400,46306.0,positive
2022-01-01,2022-01-01,47827.0,46288.0,46312.0,47687.0,24582667004,47687.0,negative
2022-01-02,2022-01-02,47881.0,46857.0,47681.0,47345.0,27951569547,47345.0,positive
2022-01-03,2022-01-03,47511.0,45836.0,47344.0,46458.0,33071628362,46458.0,negative
2022-01-04,2022-01-04,47407.0,45752.0,46459.0,45898.0,42494677905,45898.0,negative
2022-01-05,2022-01-05,46929.0,42798.0,45899.0,43569.0,36851084859,43569.0,negative
2022-01-06,2022-01-06,43749.0,42646.0,43566.0,43161.0,30208048289,43161.0,negative
2022-01-07,2022-01-07,43154.0,41077.0,43154.0,41558.0,84196607520,41558.0,negative
2022-01-08,2022-01-08,42229.0,40672.0,41561.0,41734.0,28066355845,41734.0,negative
2022-01-09,2022-01-09,42664.0,41338.0,41735.0,41912.0,21294384372,41912.0,positive
2022-01-10,2022-01-10,42199.0,39797.0,41910.0,41821.0,32104232331,41821.0,negative
2022-01-11,2022-01-11,43001.0,41408.0,41820.0,42736.0,26327648900,42736.0,positive
2022-01-12,2022-01-12,44135.0,42529.0,42742.0,43949.0,33499938689,43949.0,positive
2022-01-13,2022-01-13,44278.0,42447.0,43947.0,42592.0,47691135082,42592.0,positive
2022-01-14,2022-01-14,43347.0,41983.0,42599.0,43100.0,23577403399,43100.0,negative
2022-01-15,2022-01-15,43725.0,42669.0,43102.0,43177.0,18371348298,43177.0,positive
2022-01-16,2022-01-16,43437.0,42691.0,43172.0,43114.0,17902097845,43114.0,negative
2022-01-17,2022-01-17,43179.0,41680.0,43118.0,42251.0,21690904261,42251.0,negative
2022-01-18,2022-01-18,42534.0,41392.0,42250.0,42376.0,22417209227,42376.0,negative
2022-01-19,2022-01-19,42478.0,41243.0,42374.0,41744.0,23091543258,41744.0,negative
2022-01-20,2022-01-20,43413.0,40673.0,41744.0,40680.0,20382033940,40680.0,positive
2022-01-21,2022-01-21,41061.0,35791.0,40700.0,36457.0,43011992031,36457.0,negative
2022-01-22,2022-01-22,36689.0,34349.0,36472.0,35030.0,39714385405,35030.0,negative
2022-01-23,2022-01-23,36433.0,34785.0,35047.0,36277.0,26017975951,36277.0,negative
2022-01-24,2022-01-24,37248.0,33184.0,36276.0,36654.0,41856658597,36654.0,positive
2022-01-25,2022-01-25,37445.0,35779.0,36655.0,36954.0,26428189594,36954.0,positive
2022-01-26,2022-01-26,38825.0,36375.0,36951.0,36852.0,31324598034,36852.0,positive
2022-01-27,2022-01-27,37148.0,35629.0,36842.0,37138.0,25041426629,37138.0,negative
2022-01-28,2022-01-28,37953.0,36211.0,37128.0,37784.0,22238830523,37784.0,positive
2022-01-29,2022-01-29,38576.0,37406.0,37781.0,38138.0,17194183075,38138.0,positive
2022-01-30,2022-01-30,38266.0,37438.0,38152.0,37918.0,14643548444,37918.0,negative
2022-01-31,2022-01-31,38647.0,36734.0,37920.0,38483.0,20734730465,38483.0,positive
2022-02-01,2022-02-01,39115.0,38114.0,38482.0,38743.0,20288500328,38743.0,positive
2022-02-02,2022-02-02,38835.0,36833.0,38744.0,36953.0,19155189416,36953.0,negative
2022-02-03,2022-02-03,37155.0,36376.0,36945.0,37155.0,18591534769,37155.0,negative
2022-02-04,2022-02-04,41528.0,37094.0,37149.0,41501.0,29412210792,41501.0,positive
2022-02-05,2022-02-05,41847.0,41038.0,41501.0,41441.0,19652846215,41441.0,positive
2022-02-06,2022-02-06,42501.0,41245.0,41441.0,42412.0,16142097334,42412.0,positive
2022-02-07,2022-02-07,44402.0,41748.0,42407.0,43840.0,28641855926,43840.0,positive
2022-02-08,2022-02-08,45294.0,42808.0,43855.0,44118.0,33079398868,44118.0,positive
2022-02-09,2022-02-09,44728.0,43233.0,44097.0,44339.0,23245887300,44339.0,negative
2022-02-10,2022-02-10,45661.0,43403.0,44348.0,43565.0,32142048537,43565.0,positive
2022-02-11,2022-02-11,43811.0,42115.0,43571.0,42408.0,26954925781,42408.0,negative
2022-02-12,2022-02-12,42993.0,41853.0,42412.0,42244.0,18152390304,42244.0,negative
2022-02-13,2022-02-13,42693.0,41951.0,42237.0,42198.0,14741589015,42198.0,negative
2022-02-14,2022-02-14,42776.0,41682.0,42157.0,42587.0,20827783012,42587.0,positive
2022-02-15,2022-02-15,44667.0,42491.0,42586.0,44575.0,22721659051,44575.0,positive
2022-02-16,2022-02-16,44578.0,43457.0,44578.0,43962.0,19792547657,43962.0,negative
2022-02-17,2022-02-17,44133.0,40249.0,43937.0,40538.0,26246662813,40538.0,negative
2022-02-18,2022-02-18,40929.0,39638.0,40552.0,40031.0,23310007704,40031.0,negative
2022-02-19,2022-02-19,40419.0,39713.0,40026.0,40122.0,13736557863,40122.0,negative
2022-02-20,2022-02-20,40120.0,38113.0,40118.0,38431.0,18340576452,38431.0,negative
2022-02-21,2022-02-21,39394.0,36950.0,38423.0,37075.0,29280402798,37075.0,negative
2022-02-22,2022-02-22,38360.0,36489.0,37069.0,38286.0,25493150450,38286.0,negative
2022-02-23,2022-02-23,39122.0,37202.0,38285.0,37297.0,21849073843,37297.0,positive
2022-02-24,2022-02-24,38969.0,34459.0,37279.0,38333.0,46383802093,38333.0,negative
2022-02-25,2022-02-25,39630.0,38111.0,38334.0,39214.0,26545599159,39214.0,positive
2022-02-26,2022-02-26,40005.0,38703.0,39213.0,39105.0,17467554129,39105.0,positive
2022-02-27,2022-02-27,39779.0,37269.0,39099.0,37710.0,23450127612,37710.0,negative
2022-02-28,2022-02-28,43760.0,37518.0,37706.0,43193.0,35690014104,43193.0,positive
2022-03-01,2022-03-01,44794.0,42953.0,43195.0,44355.0,32479047645,44355.0,positive
2022-03-02,2022-03-02,45078.0,43433.0,44358.0,43924.0,29183112630,43924.0,positive
2022-03-03,2022-03-03,44022.0,41915.0,43925.0,42452.0,24967782593,42452.0,negative
2022-03-04,2022-03-04,42480.0,38806.0,42458.0,39138.0,28516271427,39138.0,negative
2022-03-05,2022-03-05,39566.0,38777.0,39148.0,39401.0,16975917450,39401.0,negative
2022-03-06,2022-03-06,39640.0,38212.0,39404.0,38420.0,19745229902,38420.0,positive
2022-03-07,2022-03-07,39430.0,37260.0,38429.0,38062.0,28546143503,38062.0,negative
2022-03-08,2022-03-08,39304.0,37957.0,38060.0,38737.0,25776583476,38737.0,negative
2022-03-09,2022-03-09,42466.0,38706.0,38743.0,41983.0,32284121034,41983.0,positive
2022-03-10,2022-03-10,42005.0,38833.0,41974.0,39437.0,31078064711,39437.0,negative
2022-03-11,2022-03-11,40082.0,38347.0,39440.0,38795.0,26364890465,38795.0,negative
2022-03-12,2022-03-12,39309.0,38773.0,38794.0,38904.0,14616450657,38904.0,negative
2022-03-13,2022-03-13,39209.0,37728.0,38885.0,37850.0,17300745310,37850.0,negative
2022-03-14,2022-03-14,39742.0,37681.0,37846.0,39667.0,24322159070,39667.0,positive
2022-03-15,2022-03-15,39795.0,38310.0,39664.0,39339.0,23934000868,39339.0,positive
2022-03-16,2022-03-16,41465.0,39022.0,39336.0,41144.0,39616916192,41144.0,positive
2022-03-17,2022-03-17,41288.0,40663.0,41141.0,40951.0,22009601093,40951.0,negative
2022-03-18,2022-03-18,42196.0,40302.0,40945.0,41801.0,34421564942,41801.0,positive
2022-03-19,2022-03-19,42317.0,41603.0,41795.0,42191.0,19664853187,42191.0,positive
2022-03-20,2022-03-20,42241.0,41005.0,42191.0,41248.0,20127946682,41248.0,negative
2022-03-21,2022-03-21,41454.0,40668.0,41246.0,41078.0,24615543271,41078.0,negative
2022-03-22,2022-03-22,43125.0,40948.0,41074.0,42359.0,32004652376,42359.0,positive
2022-03-23,2022-03-23,42894.0,41878.0,42364.0,42893.0,25242943069,42893.0,negative
2022-03-24,2022-03-24,44132.0,42726.0,42887.0,43961.0,31042992291,43961.0,positive
2022-03-25,2022-03-25,44999.0,43706.0,43965.0,44349.0,30574413034,44349.0,positive
2022-03-26,2022-03-26,44736.0,44166.0,44350.0,44501.0,16950455995,44501.0,negative
2022-03-27,2022-03-27,46828.0,44437.0,44505.0,46820.0,28160889722,46820.0,positive
2022-03-28,2022-03-28,48087.0,46690.0,46822.0,47128.0,36362175703,47128.0,positive
2022-03-29,2022-03-29,48022.0,47100.0,47100.0,47466.0,31397059069,47466.0,negative
2022-03-30,2022-03-30,47655.0,46746.0,47457.0,47063.0,29333883962,47063.0,negative
2022-03-31,2022-03-31,47512.0,45391.0,47062.0,45539.0,33327427106,45539.0,negative
2022-04-01,2022-04-01,46616.0,44403.0,45554.0,46282.0,38162644287,46282.0,negative
2022-04-02,2022-04-02,47028.0,45783.0,46286.0,45869.0,29336594194,45869.0,positive
2022-04-03,2022-04-03,47313.0,45634.0,45859.0,46454.0,25414397610,46454.0,positive
2022-04-04,2022-04-04,46791.0,45236.0,46445.0,46623.0,32499785455,46623.0,negative
2022-04-05,2022-04-05,47106.0,45545.0,46625.0,45556.0,29640604055,45556.0,positive
2022-04-06,2022-04-06,45544.0,43194.0,45544.0,43207.0,39393395788,43207.0,negative
2022-04-07,2022-04-07,43861.0,42900.0,43208.0,43504.0,26101973106,43504.0,negative
2022-04-08,2022-04-08,43903.0,42183.0,43505.0,42288.0,27215995394,42288.0,positive
2022-04-09,2022-04-09,42787.0,42183.0,42282.0,42782.0,16050772496,42782.0,negative
2022-04-10,2022-04-10,43376.0,42021.0,42781.0,42208.0,17654475582,42208.0,positive
2022-04-11,2022-04-11,42425.0,39373.0,42201.0,39522.0,33949912166,39522.0,negative
2022-04-12,2022-04-12,40618.0,39388.0,39534.0,40127.0,30991500854,40127.0,negative
2022-04-13,2022-04-13,41430.0,39713.0,40124.0,41167.0,27691105228,41167.0,positive
2022-04-14,2022-04-14,41451.0,39696.0,41160.0,39936.0,24342001973,39936.0,positive
2022-04-15,2022-04-15,40618.0,39867.0,39939.0,40553.0,21756855753,40553.0,negative
2022-04-16,2022-04-16,40634.0,40078.0,40552.0,40424.0,16833150693,40424.0,positive
2022-04-17,2022-04-17,40571.0,39621.0,40418.0,39717.0,19087633042,39717.0,negative
2022-04-18,2022-04-18,40986.0,38696.0,39721.0,40826.0,33705182072,40826.0,positive
2022-04-19,2022-04-19,41673.0,40619.0,40828.0,41503.0,25303206547,41503.0,positive
2022-04-20,2022-04-20,42126.0,40961.0,41502.0,41374.0,27819532341,41374.0,positive
2022-04-21,2022-04-21,42894.0,40064.0,41372.0,40527.0,35372786395,40527.0,positive
2022-04-22,2022-04-22,40778.0,39315.0,40526.0,39740.0,28011716745,39740.0,negative
2022-04-23,2022-04-23,39936.0,39352.0,39739.0,39487.0,16138021249,39487.0,negative
2022-04-24,2022-04-24,39846.0,39234.0,39478.0,39469.0,17964398167,39469.0,negative
2022-04-25,2022-04-25,40492.0,38338.0,39473.0,40458.0,35445730570,40458.0,positive
2022-04-26,2022-04-26,40714.0,37885.0,40448.0,38117.0,34569088416,38117.0,positive
2022-04-27,2022-04-27,39398.0,37997.0,38120.0,39241.0,30981015184,39241.0,negative
2022-04-28,2022-04-28,40269.0,38941.0,39241.0,39774.0,33903704907,39774.0,positive
2022-04-29,2022-04-29,39887.0,38236.0,39769.0,38610.0,30882994649,38610.0,negative
2022-04-30,2022-04-30,38771.0,37698.0,38606.0,37715.0,23895713731,37715.0,negative
2022-05-01,2022-05-01,38628.0,37586.0,37713.0,38469.0,27002760110,38469.0,negative
2022-05-02,2022-05-02,39075.0,38157.0,38472.0,38529.0,32922642426,38529.0,positive
2022-05-03,2022-05-03,38630.0,37586.0,38528.0,37750.0,27326943244,37750.0,negative
2022-05-04,2022-05-04,39903.0,37732.0,37748.0,39698.0,36754404490,39698.0,positive
2022-05-05,2022-05-05,39789.0,35857.0,39696.0,36575.0,43106256317,36575.0,negative
2022-05-06,2022-05-06,36624.0,35482.0,36573.0,36041.0,37795577489,36041.0,negative
2022-05-07,2022-05-07,36130.0,34941.0,36043.0,35502.0,24375896406,35502.0,negative
2022-05-08,2022-05-08,35503.0,33879.0,35503.0,34059.0,36763041910,34059.0,negative
2022-05-09,2022-05-09,34222.0,30297.0,34060.0,30297.0,63355494961,30297.0,negative
2022-05-10,2022-05-10,32596.0,29945.0,30274.0,31023.0,59811038817,31023.0,negative
2022-05-11,2022-05-11,32013.0,28170.0,31016.0,28936.0,70388855818,28936.0,negative
2022-05-12,2022-05-12,30032.0,26350.0,28937.0,29048.0,66989173272,29048.0,negative
2022-05-13,2022-05-13,30925.0,28782.0,29031.0,29283.0,42841124537,29283.0,positive
2022-05-14,2022-05-14,30193.0,28703.0,29286.0,30101.0,28579868620,30101.0,negative
2022-05-15,2022-05-15,31308.0,29528.0,30099.0,31305.0,25835372065,31305.0,positive
2022-05-16,2022-05-16,31305.0,29252.0,31304.0,29863.0,32613897286,29863.0,negative
2022-05-17,2022-05-17,30694.0,29570.0,29862.0,30426.0,29101473475,30426.0,negative
2022-05-18,2022-05-18,30619.0,28720.0,30424.0,28720.0,31285268319,28720.0,negative
2022-05-19,2022-05-19,30431.0,28709.0,28720.0,30314.0,33773447707,30314.0,negative
2022-05-20,2022-05-20,30665.0,28794.0,30311.0,29201.0,30749382605,29201.0,positive
2022-05-21,2022-05-21,29589.0,29027.0,29200.0,29432.0,17274840442,29432.0,negative
2022-05-22,2022-05-22,30426.0,29275.0,29432.0,30324.0,21631532270,30324.0,positive
2022-05-23,2022-05-23,30591.0,28976.0,30309.0,29099.0,31483454557,29099.0,positive
2022-05-24,2022-05-24,29774.0,28787.0,29101.0,29656.0,26616506245,29656.0,negative
2022-05-25,2022-05-25,30158.0,29385.0,29653.0,29562.0,27525063551,29562.0,positive
2022-05-26,2022-05-26,29834.0,28262.0,29565.0,29267.0,36774325352,29267.0,negative
2022-05-27,2022-05-27,29347.0,28327.0,29251.0,28628.0,36582005748,28628.0,negative
2022-05-28,2022-05-28,28815.0,28555.0,28623.0,28815.0,35519577634,28815.0,negative
2022-05-29,2022-05-29,29498.0,28841.0,29020.0,29446.0,18093886409,29446.0,positive
2022-05-30,2022-05-30,31950.0,29304.0,29443.0,31726.0,39277993274,31726.0,positive
2022-05-31,2022-05-31,32250.0,31286.0,31724.0,31792.0,33538210634,31792.0,positive
2022-06-01,2022-06-01,31957.0,29502.0,31793.0,29799.0,41135817341,29799.0,negative
2022-06-02,2022-06-02,30605.0,29653.0,29795.0,30467.0,29083562061,30467.0,negative
2022-06-03,2022-06-03,30633.0,29376.0,30468.0,29704.0,26175547452,29704.0,positive
2022-06-04,2022-06-04,29931.0,29500.0,29706.0,29833.0,16588370958,29833.0,negative
2022-06-05,2022-06-05,30118.0,29574.0,29835.0,29907.0,17264085441,29907.0,positive
2022-06-06,2022-06-06,31693.0,29894.0,29910.0,31371.0,31947336829,31371.0,positive
2022-06-07,2022-06-07,31490.0,29312.0,31372.0,31155.0,40770974039,31155.0,negative
2022-06-08,2022-06-08,31254.0,29944.0,31151.0,30214.0,30242059107,30214.0,negative
2022-06-09,2022-06-09,30609.0,30020.0,30215.0,30112.0,21692004719,30112.0,negative
2022-06-10,2022-06-10,30246.0,28978.0,30110.0,29084.0,29867476527,29084.0,negative
2022-06-11,2022-06-11,29402.0,28236.0,29085.0,28361.0,27246574439,28361.0,negative
2022-06-12,2022-06-12,28503.0,26763.0,28374.0,26763.0,34163220274,26763.0,negative
2022-06-13,2022-06-13,26796.0,22141.0,26738.0,22487.0,68204556440,22487.0,negative
2022-06-14,2022-06-14,23019.0,20951.0,22488.0,22207.0,50913575242,22207.0,negative
2022-06-15,2022-06-15,22643.0,20178.0,22197.0,22573.0,54912007015,22573.0,negative
2022-06-16,2022-06-16,22869.0,20265.0,22576.0,20382.0,31183975654,20382.0,positive
2022-06-17,2022-06-17,21243.0,20327.0,20386.0,20471.0,27132421514,20471.0,negative
2022-06-18,2022-06-18,20736.0,17709.0,20473.0,19018.0,42009436760,19018.0,negative
2022-06-19,2022-06-19,20684.0,18067.0,19011.0,20553.0,35329942625,20553.0,negative
2022-06-20,2022-06-20,20913.0,19689.0,20553.0,20600.0,30818458597,20600.0,positive
2022-06-21,2022-06-21,21621.0,20415.0,20594.0,20711.0,28970212744,20711.0,positive
2022-06-22,2022-06-22,20836.0,19848.0,20719.0,19987.0,28574793478,19987.0,negative
2022-06-23,2022-06-23,21136.0,19950.0,19987.0,21086.0,26188097173,21086.0,positive
2022-06-24,2022-06-24,21473.0,20778.0,21085.0,21232.0,24957784918,21232.0,positive
2022-06-25,2022-06-25,21521.0,20965.0,21234.0,21502.0,18372538715,21502.0,positive
2022-06-26,2022-06-26,21784.0,21016.0,21496.0,21027.0,18027170497,21027.0,positive
2022-06-27,2022-06-27,21478.0,20620.0,21028.0,20735.0,20965695707,20735.0,negative
2022-06-28,2022-06-28,21164.0,20229.0,20732.0,20281.0,21381535161,20281.0,negative
2022-06-29,2022-06-29,20364.0,19938.0,20281.0,20104.0,23552740328,20104.0,negative
2022-06-30,2022-06-30,20141.0,18730.0,20108.0,19785.0,26267239923,19785.0,negative
2022-07-01,2022-07-01,20633.0,19074.0,19820.0,19269.0,30767551159,19269.0,positive
2022-07-02,2022-07-02,19372.0,19027.0,19275.0,19242.0,18100418740,19242.0,negative
2022-07-03,2022-07-03,19558.0,18967.0,19242.0,19297.0,16390821947,19297.0,positive
2022-07-04,2022-07-04,20259.0,19063.0,19297.0,20231.0,21594638208,20231.0,positive
2022-07-05,2022-07-05,20635.0,19341.0,20225.0,20190.0,26715546990,20190.0,positive
2022-07-06,2022-07-06,20596.0,19824.0,20195.0,20548.0,24598943708,20548.0,negative
2022-07-07,2022-07-07,21772.0,20296.0,20548.0,21638.0,25814972520,21638.0,positive
2022-07-08,2022-07-08,22315.0,21257.0,21637.0,21731.0,49899834488,21731.0,positive
2022-07-09,2022-07-09,21877.0,21446.0,21717.0,21592.0,29641127858,21592.0,negative
2022-07-10,2022-07-10,21591.0,20727.0,21591.0,20860.0,28688807249,20860.0,negative
2022-07-11,2022-07-11,20856.0,19925.0,20856.0,19971.0,24150249025,19971.0,negative
2022-07-12,2022-07-12,20043.0,19309.0,19970.0,19324.0,25810220018,19324.0,negative
2022-07-13,2022-07-13,20223.0,19000.0,19326.0,20212.0,33042430345,20212.0,positive
2022-07-14,2022-07-14,20790.0,19689.0,20211.0,20570.0,31158743333,20570.0,positive
2022-07-15,2022-07-15,21138.0,20397.0,20573.0,20836.0,25905575359,20836.0,positive
2022-07-16,2022-07-16,21514.0,20519.0,20834.0,21190.0,24302954056,21190.0,positive
2022-07-17,2022-07-17,21601.0,20778.0,21195.0,20779.0,22927802083,20779.0,positive
2022-07-18,2022-07-18,22633.0,20782.0,20782.0,22486.0,39974475562,22486.0,positive
2022-07-19,2022-07-19,23667.0,21683.0,22468.0,23389.0,48765202697,23389.0,positive
2022-07-20,2022-07-20,24197.0,23010.0,23393.0,23232.0,42932549127,23232.0,positive
2022-07-21,2022-07-21,23388.0,22431.0,23233.0,23165.0,33631012204,23165.0,negative
2022-07-22,2022-07-22,23672.0,22603.0,23164.0,22715.0,31421555646,22715.0,positive
2022-07-23,2022-07-23,22977.0,22003.0,22707.0,22465.0,24021799169,22465.0,negative
2022-07-24,2022-07-24,22974.0,22307.0,22466.0,22609.0,23565495303,22609.0,negative
2022-07-25,2022-07-25,22649.0,21362.0,22607.0,21362.0,35574561406,21362.0,negative
2022-07-26,2022-07-26,21361.0,20777.0,21361.0,21240.0,28624673855,21240.0,negative
2022-07-27,2022-07-27,22987.0,21071.0,21244.0,22931.0,31758955233,22931.0,positive
2022-07-28,2022-07-28,24110.0,22722.0,22934.0,23844.0,40212386158,23844.0,positive
2022-07-29,2022-07-29,24295.0,23481.0,23845.0,23805.0,35887249746,23805.0,positive
2022-07-30,2022-07-30,24573.0,23581.0,23797.0,23656.0,28148218301,23656.0,positive
2022-07-31,2022-07-31,24122.0,23276.0,23652.0,23337.0,23553591896,23337.0,negative
2022-08-01,2022-08-01,23465.0,22891.0,23337.0,23314.0,25849159141,23314.0,negative
2022-08-02,2022-08-02,23415.0,22710.0,23308.0,22978.0,28389250717,22978.0,negative
2022-08-03,2022-08-03,23579.0,22748.0,22981.0,22847.0,26288169966,22847.0,positive
2022-08-04,2022-08-04,23198.0,22486.0,22848.0,22631.0,25120229769,22631.0,negative
2022-08-05,2022-08-05,23423.0,22612.0,22627.0,23289.0,28881249043,23289.0,positive
2022-08-06,2022-08-06,23327.0,22961.0,23291.0,22961.0,15978259885,22961.0,negative
2022-08-07,2022-08-07,23359.0,22895.0,22964.0,23176.0,15886817043,23176.0,positive
2022-08-08,2022-08-08,24204.0,23177.0,23180.0,23809.0,28575544847,23809.0,positive
2022-08-09,2022-08-09,23899.0,22982.0,23811.0,23164.0,23555719219,23164.0,negative
2022-08-10,2022-08-10,24127.0,22772.0,23163.0,23948.0,32837431722,23948.0,positive
2022-08-11,2022-08-11,24823.0,23901.0,23948.0,23958.0,37127036580,23958.0,positive
2022-08-12,2022-08-12,24413.0,23657.0,23957.0,24403.0,27265804688,24403.0,negative
2022-08-13,2022-08-13,24860.0,24346.0,24402.0,24424.0,22987346289,24424.0,positive
2022-08-14,2022-08-14,24975.0,24206.0,24429.0,24319.0,22994133555,24319.0,positive
2022-08-15,2022-08-15,25136.0,23840.0,24318.0,24137.0,35123501685,24137.0,positive
2022-08-16,2022-08-16,24228.0,23734.0,24126.0,23883.0,27753685646,23883.0,negative
2022-08-17,2022-08-17,24407.0,23243.0,23881.0,23336.0,30931623076,23336.0,positive
2022-08-18,2022-08-18,23564.0,23178.0,23341.0,23213.0,23747613147,23213.0,negative
2022-08-19,2022-08-19,23213.0,20869.0,23213.0,20878.0,40509610260,20878.0,negative
2022-08-20,2022-08-20,21351.0,20857.0,20873.0,21166.0,27595671000,21166.0,negative
2022-08-21,2022-08-21,21669.0,21103.0,21160.0,21534.0,23102307723,21534.0,positive
2022-08-22,2022-08-22,21531.0,20939.0,21531.0,21399.0,31666498758,21399.0,negative
2022-08-23,2022-08-23,21646.0,20955.0,21401.0,21528.0,31878280659,21528.0,positive
2022-08-24,2022-08-24,21783.0,21195.0,21526.0,21395.0,31962253368,21395.0,positive
2022-08-25,2022-08-25,21790.0,21362.0,21395.0,21601.0,31028679593,21601.0,positive
2022-08-26,2022-08-26,21805.0,20199.0,21596.0,20260.0,42326789564,20260.0,positive
2022-08-27,2022-08-27,20341.0,19891.0,20262.0,20042.0,30116729776,20042.0,negative
2022-08-28,2022-08-28,20139.0,19617.0,20041.0,19617.0,24366810591,19617.0,negative
2022-08-29,2022-08-29,20357.0,19601.0,19615.0,20298.0,32637854078,20298.0,positive
2022-08-30,2022-08-30,20543.0,19618.0,20299.0,19797.0,34483360283,19797.0,positive
2022-08-31,2022-08-31,20421.0,19800.0,19800.0,20050.0,33225232872,20050.0,negative
2022-09-01,2022-09-01,20198.0,19654.0,20050.0,20127.0,30182031010,20127.0,negative
2022-09-02,2022-09-02,20402.0,19815.0,20126.0,19970.0,29123998928,19970.0,positive
2022-09-03,2022-09-03,20037.0,19698.0,19970.0,19832.0,23613051457,19832.0,negative
2022-09-04,2022-09-04,20000.0,19637.0,19832.0,19987.0,25245861652,19987.0,negative
2022-09-05,2022-09-05,20031.0,19673.0,19989.0,19812.0,28813460025,19812.0,positive
2022-09-06,2022-09-06,20155.0,18800.0,19818.0,18838.0,43403978910,18838.0,positive
2022-09-07,2022-09-07,19427.0,18644.0,18838.0,19290.0,35239757134,19290.0,negative
2022-09-08,2022-09-08,19417.0,19077.0,19290.0,19330.0,32194477850,19330.0,negative
2022-09-09,2022-09-09,21439.0,19311.0,19328.0,21381.0,48469528171,21381.0,positive
2022-09-10,2022-09-10,21760.0,21169.0,21377.0,21681.0,36913738894,21681.0,positive
2022-09-11,2022-09-11,21771.0,21407.0,21679.0,21769.0,34493951963,21769.0,positive
2022-09-12,2022-09-12,22439.0,21604.0,21770.0,22370.0,50212088965,22370.0,positive
2022-09-13,2022-09-13,22674.0,20063.0,22371.0,20297.0,51091116622,20297.0,positive
2022-09-14,2022-09-14,20467.0,19793.0,20185.0,20241.0,37872380889,20241.0,negative
2022-09-15,2022-09-15,20318.0,19637.0,20242.0,19701.0,36389011503,19701.0,negative
2022-09-16,2022-09-16,19871.0,19400.0,19704.0,19773.0,30123362273,19773.0,negative
2022-09-17,2022-09-17,20163.0,19777.0,19777.0,20128.0,24957448100,20128.0,positive
2022-09-18,2022-09-18,20127.0,19387.0,20127.0,19420.0,31254779144,19420.0,negative
2022-09-19,2022-09-19,19639.0,18390.0,19419.0,19544.0,40177002624,19544.0,negative
2022-09-20,2022-09-20,19602.0,18813.0,19546.0,18891.0,36791346508,18891.0,negative
2022-09-21,2022-09-21,19675.0,18290.0,18891.0,18547.0,46363793975,18547.0,positive
2022-09-22,2022-09-22,19457.0,18416.0,18535.0,19414.0,41135767926,19414.0,negative
2022-09-23,2022-09-23,19465.0,18618.0,19412.0,19298.0,38896078052,19298.0,positive
2022-09-24,2022-09-24,19310.0,18862.0,19297.0,18937.0,26149643168,18937.0,negative
2022-09-25,2022-09-25,19135.0,18696.0,18936.0,18802.0,23359966112,18802.0,negative
2022-09-26,2022-09-26,19275.0,18721.0,18804.0,19223.0,44148798321,19223.0,positive
2022-09-27,2022-09-27,20338.0,18916.0,19222.0,19111.0,58571439619,19111.0,positive
2022-09-28,2022-09-28,19688.0,18553.0,19105.0,19427.0,53071298734,19427.0,negative
2022-09-29,2022-09-29,19589.0,18924.0,19428.0,19573.0,41037843771,19573.0,negative
2022-09-30,2022-09-30,20110.0,19266.0,19573.0,19432.0,43975248085,19432.0,positive
2022-10-01,2022-10-01,19471.0,19231.0,19431.0,19312.0,18719537670,19312.0,negative
2022-10-02,2022-10-02,19370.0,18971.0,19312.0,19044.0,20765955327,19044.0,negative
2022-10-03,2022-10-03,19654.0,19025.0,19044.0,19624.0,30484729489,19624.0,positive
2022-10-04,2022-10-04,20380.0,19524.0,19624.0,20337.0,35887278685,20337.0,positive
2022-10-05,2022-10-05,20344.0,19802.0,20336.0,20161.0,33223790572,20161.0,negative
2022-10-06,2022-10-06,20408.0,19900.0,20161.0,19955.0,34711412966,19955.0,positive
2022-10-07,2022-10-07,20041.0,19396.0,19958.0,19547.0,29227315390,19547.0,negative
2022-10-08,2022-10-08,19602.0,19299.0,19546.0,19417.0,16437423167,19417.0,negative
2022-10-09,2022-10-09,19543.0,19349.0,19417.0,19446.0,16837262532,19446.0,negative
2022-10-10,2022-10-10,19515.0,19103.0,19446.0,19141.0,27425022774,19141.0,negative
2022-10-11,2022-10-11,19242.0,18926.0,19139.0,19051.0,28711532910,19051.0,negative
2022-10-12,2022-10-12,19203.0,19030.0,19053.0,19157.0,24950173846,19157.0,negative
2022-10-13,2022-10-13,19453.0,18320.0,19157.0,19383.0,44219840004,19383.0,positive
2022-10-14,2022-10-14,19889.0,19115.0,19383.0,19186.0,38452356727,19186.0,positive
2022-10-15,2022-10-15,19213.0,19019.0,19185.0,19068.0,16192235532,19068.0,negative
2022-10-16,2022-10-16,19390.0,19069.0,19069.0,19268.0,17988916650,19268.0,positive
2022-10-17,2022-10-17,19636.0,19173.0,19269.0,19551.0,27472552998,19551.0,positive
2022-10-18,2022-10-18,19667.0,19145.0,19550.0,19334.0,30580012344,19334.0,positive
2022-10-19,2022-10-19,19348.0,19128.0,19335.0,19140.0,22425387184,19140.0,negative
2022-10-20,2022-10-20,19315.0,18971.0,19138.0,19054.0,24493974420,19054.0,negative
2022-10-21,2022-10-21,19237.0,18771.0,19053.0,19172.0,32459287866,19172.0,negative
2022-10-22,2022-10-22,19248.0,19132.0,19172.0,19208.0,16104440957,19208.0,positive
2022-10-23,2022-10-23,19647.0,19124.0,19208.0,19567.0,22128794335,19567.0,positive
2022-10-24,2022-10-24,19589.0,19206.0,19568.0,19346.0,30202235805,19346.0,negative
2022-10-25,2022-10-25,20348.0,19261.0,19345.0,20096.0,47761524910,20096.0,positive
2022-10-26,2022-10-26,20938.0,20076.0,20092.0,20770.0,58895950537,20770.0,positive
2022-10-27,2022-10-27,20854.0,20255.0,20773.0,20286.0,49625110402,20286.0,negative
2022-10-28,2022-10-28,20725.0,20086.0,20288.0,20595.0,43994715910,20595.0,negative
2022-10-29,2022-10-29,20988.0,20566.0,20595.0,20818.0,40369840645,20818.0,positive
2022-10-30,2022-10-30,20917.0,20547.0,20818.0,20636.0,31486345556,20636.0,negative
2022-10-31,2022-10-31,20795.0,20287.0,20634.0,20496.0,45668466815,20496.0,negative
2022-11-01,2022-11-01,20647.0,20360.0,20495.0,20485.0,39819303159,20485.0,negative
2022-11-02,2022-11-02,20743.0,20087.0,20483.0,20160.0,55552169483,20160.0,positive
2022-11-03,2022-11-03,20382.0,20086.0,20163.0,20210.0,43228750179,20210.0,negative
2022-11-04,2022-11-04,21210.0,20188.0,20209.0,21147.0,64072727950,21147.0,positive
2022-11-05,2022-11-05,21447.0,21098.0,21145.0,21283.0,37846047609,21283.0,positive
2022-11-06,2022-11-06,21345.0,20920.0,21285.0,20926.0,35082693210,20926.0,negative
2022-11-07,2022-11-07,21053.0,20490.0,20925.0,20603.0,53510852236,20603.0,negative
2022-11-08,2022-11-08,20665.0,17604.0,20601.0,18541.0,118992465607,18541.0,negative
2022-11-09,2022-11-09,18590.0,15683.0,18544.0,15881.0,102905151606,15881.0,negative
2022-11-10,2022-11-10,18054.0,15834.0,15883.0,17587.0,83202283721,17587.0,negative
2022-11-11,2022-11-11,17651.0,16543.0,17583.0,17034.0,55871616488,17034.0,negative
2022-11-12,2022-11-12,17067.0,16652.0,17037.0,16799.0,29717699419,16799.0,negative
2022-11-13,2022-11-13,16921.0,16321.0,16800.0,16353.0,27209183682,16353.0,negative
2022-11-14,2022-11-14,17109.0,15873.0,16352.0,16618.0,49630243054,16618.0,positive
2022-11-15,2022-11-15,17052.0,16543.0,16617.0,16885.0,36599436183,16885.0,negative
2022-11-16,2022-11-16,16960.0,16430.0,16884.0,16669.0,33925512989,16669.0,negative
2022-11-17,2022-11-17,16726.0,16461.0,16670.0,16688.0,27868914022,16688.0,negative
2022-11-18,2022-11-18,16947.0,16565.0,16688.0,16698.0,26862218609,16698.0,positive
2022-11-19,2022-11-19,16798.0,16570.0,16696.0,16712.0,16106223492,16712.0,negative
2022-11-20,2022-11-20,16747.0,16249.0,16713.0,16292.0,21313378652,16292.0,negative
2022-11-21,2022-11-21,16291.0,15599.0,16291.0,15787.0,37429485518,15787.0,negative
2022-11-22,2022-11-22,16253.0,15657.0,15782.0,16190.0,30726828760,16190.0,negative
2022-11-23,2022-11-23,16638.0,16171.0,16196.0,16611.0,32958875628,16611.0,positive
2022-11-24,2022-11-24,16771.0,16502.0,16612.0,16604.0,26129037414,16604.0,positive
2022-11-25,2022-11-25,16603.0,16388.0,16602.0,16522.0,18678255976,16522.0,negative
2022-11-26,2022-11-26,16667.0,16416.0,16522.0,16464.0,18000008764,16464.0,positive
2022-11-27,2022-11-27,16594.0,16437.0,16464.0,16445.0,20443898509,16445.0,negative
2022-11-28,2022-11-28,16483.0,16055.0,16440.0,16217.0,27743025156,16217.0,negative
2022-11-29,2022-11-29,16522.0,16139.0,16218.0,16445.0,23581685468,16445.0,positive
2022-11-30,2022-11-30,17191.0,16445.0,16445.0,17169.0,29523576583,17169.0,positive
2022-12-01,2022-12-01,17197.0,16888.0,17168.0,16967.0,22895392882,16967.0,positive
2022-12-02,2022-12-02,17089.0,16878.0,16969.0,17089.0,19539705127,17089.0,negative
2022-12-03,2022-12-03,17116.0,16888.0,17090.0,16908.0,16217776704,16908.0,positive
2022-12-04,2022-12-04,17158.0,16903.0,16908.0,17130.0,16824520830,17130.0,positive
2022-12-05,2022-12-05,17378.0,16922.0,17129.0,16975.0,22209086834,16975.0,positive
2022-12-06,2022-12-06,17092.0,16940.0,16975.0,17090.0,19889922369,17090.0,negative
2022-12-07,2022-12-07,17109.0,16751.0,17090.0,16848.0,19675404389,16848.0,positive
2022-12-08,2022-12-08,17268.0,16789.0,16847.0,17233.0,20496603770,17233.0,positive
2022-12-09,2022-12-09,17281.0,17101.0,17232.0,17133.0,20328426366,17133.0,positive
2022-12-10,2022-12-10,17217.0,17121.0,17134.0,17129.0,12706781969,17129.0,negative
2022-12-11,2022-12-11,17246.0,17092.0,17130.0,17104.0,14122486832,17104.0,positive
2022-12-12,2022-12-12,17213.0,16899.0,17102.0,17206.0,19617581341,17206.0,negative
2022-12-13,2022-12-13,17930.0,17112.0,17206.0,17781.0,26634741631,17781.0,positive
2022-12-14,2022-12-14,18319.0,17740.0,17782.0,17816.0,25534481470,17816.0,positive
2022-12-15,2022-12-15,17847.0,17323.0,17814.0,17365.0,20964448341,17365.0,negative
2022-12-16,2022-12-16,17506.0,16585.0,17365.0,16647.0,24031608960,16647.0,negative
2022-12-17,2022-12-17,16801.0,16614.0,16647.0,16795.0,14463581825,16795.0,negative
2022-12-18,2022-12-18,16815.0,16698.0,16796.0,16758.0,10924354698,16758.0,positive
2022-12-19,2022-12-19,16808.0,16398.0,16759.0,16440.0,17221074814,16440.0,negative
2022-12-20,2022-12-20,17013.0,16428.0,16442.0,16906.0,22722096615,16906.0,positive
2022-12-21,2022-12-21,16917.0,16756.0,16905.0,16818.0,14882945045,16818.0,negative
2022-12-22,2022-12-22,16867.0,16592.0,16818.0,16830.0,16441573050,16830.0,negative
2022-12-23,2022-12-23,16905.0,16794.0,16830.0,16797.0,15329265213,16797.0,positive
2022-12-24,2022-12-24,16865.0,16794.0,16797.0,16848.0,9744636213,16848.0,negative
2022-12-25,2022-12-25,16861.0,16755.0,16848.0,16842.0,11656379938,16842.0,negative
2022-12-26,2022-12-26,16920.0,16812.0,16842.0,16920.0,11886957804,16920.0,positive
2022-12-27,2022-12-27,16960.0,16642.0,16919.0,16717.0,15748580239,16717.0,positive
2022-12-28,2022-12-28,16768.0,16498.0,16716.0,16553.0,17005713920,16553.0,negative
2022-12-29,2022-12-29,16652.0,16509.0,16552.0,16642.0,14472237479,16642.0,negative
2022-12-30,2022-12-30,16643.0,16408.0,16641.0,16603.0,15929162910,16603.0,negative
2022-12-31,2022-12-31,16629.0,16518.0,16604.0,16547.0,11239186456,16547.0,negative
2023-01-01,2023-01-01,16630.0,16521.0,16548.0,16625.0,9244361700,16625.0,positive
2023-01-02,2023-01-02,16759.0,16572.0,16626.0,16688.0,12097775227,16688.0,positive
2023-01-03,2023-01-03,16760.0,16622.0,16689.0,16680.0,13903079207,16680.0,positive
2023-01-04,2023-01-04,16965.0,16668.0,16680.0,16863.0,18421743322,16863.0,positive
2023-01-05,2023-01-05,16884.0,16790.0,16863.0,16837.0,13692758566,16837.0,negative
2023-01-06,2023-01-06,16992.0,16716.0,16836.0,16952.0,14413662913,16952.0,positive
2023-01-07,2023-01-07,16975.0,16914.0,16952.0,16955.0,7714767174,16955.0,negative
2023-01-08,2023-01-08,17091.0,16924.0,16954.0,17091.0,9768827914,17091.0,positive
2023-01-09,2023-01-09,17390.0,17094.0,17094.0,17197.0,18624736866,17197.0,positive
2023-01-10,2023-01-10,17485.0,17163.0,17193.0,17446.0,15808338949,17446.0,positive
2023-01-11,2023-01-11,17935.0,17338.0,17446.0,17935.0,18372283782,17935.0,positive
2023-01-12,2023-01-12,19030.0,17995.0,18118.0,18870.0,34971338710,18870.0,positive
2023-01-13,2023-01-13,19964.0,18753.0,18869.0,19910.0,29225029694,19910.0,positive
2023-01-14,2023-01-14,21075.0,19908.0,19911.0,20976.0,38967784639,20976.0,positive
2023-01-15,2023-01-15,20994.0,20607.0,20977.0,20881.0,19298407543,20881.0,negative
2023-01-16,2023-01-16,21361.0,20716.0,20882.0,21170.0,26792494050,21170.0,positive
2023-01-17,2023-01-17,21439.0,20979.0,21176.0,21162.0,24999983362,21162.0,positive
2023-01-18,2023-01-18,21565.0,20542.0,21161.0,20689.0,30005625418,20689.0,positive
2023-01-19,2023-01-19,21163.0,20685.0,20687.0,21087.0,21152848261,21087.0,negative
2023-01-20,2023-01-20,22692.0,20919.0,21085.0,22677.0,28799154319,22677.0,positive
2023-01-21,2023-01-21,23282.0,22512.0,22677.0,22778.0,32442278429,22778.0,positive
2023-01-22,2023-01-22,23057.0,22388.0,22778.0,22720.0,24746386230,22720.0,negative
2023-01-23,2023-01-23,23126.0,22654.0,22721.0,22934.0,26518700512,22934.0,positive
2023-01-24,2023-01-24,23134.0,22550.0,22930.0,22636.0,26405069715,22636.0,positive
2023-01-25,2023-01-25,23722.0,22406.0,22639.0,23118.0,30685366709,23118.0,positive
2023-01-26,2023-01-26,23237.0,22911.0,23109.0,23033.0,26357839322,23033.0,negative
2023-01-27,2023-01-27,23418.0,22655.0,23031.0,23079.0,25383335641,23079.0,positive
2023-01-28,2023-01-28,23166.0,22909.0,23080.0,23031.0,14712928379,23031.0,negative
2023-01-29,2023-01-29,23920.0,22985.0,23031.0,23775.0,27423687259,23775.0,positive
2023-01-30,2023-01-30,23789.0,22658.0,23775.0,22840.0,27205595568,22840.0,negative
2023-01-31,2023-01-31,23225.0,22766.0,22841.0,23139.0,22837828665,23139.0,negative
2023-02-01,2023-02-01,23765.0,22878.0,23138.0,23724.0,26683255504,23724.0,positive
2023-02-02,2023-02-02,24167.0,23469.0,23721.0,23472.0,32066936882,23472.0,positive
2023-02-03,2023-02-03,23678.0,23280.0,23469.0,23449.0,27083066007,23449.0,negative
2023-02-04,2023-02-04,23557.0,23292.0,23446.0,23332.0,15639298538,23332.0,negative
2023-02-05,2023-02-05,23423.0,22842.0,23332.0,22956.0,19564262605,22956.0,negative
2023-02-06,2023-02-06,23119.0,22692.0,22954.0,22760.0,23825006542,22760.0,negative
2023-02-07,2023-02-07,23311.0,22756.0,22757.0,23264.0,27187964471,23264.0,positive
2023-02-08,2023-02-08,23368.0,22731.0,23263.0,22939.0,25371367758,22939.0,positive
2023-02-09,2023-02-09,22996.0,21774.0,22947.0,21819.0,32572572185,21819.0,negative
2023-02-10,2023-02-10,21941.0,21539.0,21819.0,21651.0,27078406594,21651.0,negative
2023-02-11,2023-02-11,21891.0,21618.0,21652.0,21871.0,16356226232,21871.0,negative
2023-02-12,2023-02-12,22061.0,21683.0,21871.0,21788.0,17821046406,21788.0,positive
2023-02-13,2023-02-13,21898.0,21460.0,21787.0,21808.0,23918742607,21808.0,negative
2023-02-14,2023-02-14,22293.0,21632.0,21802.0,22221.0,26792596581,22221.0,positive
2023-02-15,2023-02-15,24308.0,22083.0,22221.0,24308.0,32483312909,24308.0,positive
2023-02-16,2023-02-16,25134.0,23603.0,24307.0,23623.0,39316664596,23623.0,positive
2023-02-17,2023-02-17,24924.0,23461.0,23621.0,24566.0,41358451255,24566.0,negative
2023-02-18,2023-02-18,24799.0,24468.0,24565.0,24641.0,19625427158,24641.0,negative
2023-02-19,2023-02-19,25093.0,24328.0,24640.0,24328.0,25555105670,24328.0,positive
2023-02-20,2023-02-20,25020.0,23928.0,24337.0,24829.0,28987376573,24829.0,negative
2023-02-21,2023-02-21,25127.0,24200.0,24833.0,24436.0,31252098714,24436.0,positive
2023-02-22,2023-02-22,24472.0,23644.0,24437.0,24189.0,30199996781,24189.0,negative
2023-02-23,2023-02-23,24572.0,23694.0,24191.0,23947.0,30476264066,23947.0,positive
2023-02-24,2023-02-24,24104.0,23007.0,23946.0,23198.0,26811744928,23198.0,negative
2023-02-25,2023-02-25,23210.0,22862.0,23200.0,23175.0,16100721565,23175.0,negative
2023-02-26,2023-02-26,23654.0,23084.0,23174.0,23561.0,16644534842,23561.0,positive
2023-02-27,2023-02-27,23858.0,23206.0,23561.0,23523.0,22660763494,23523.0,positive
2023-02-28,2023-02-28,23585.0,23078.0,23522.0,23147.0,20535363434,23147.0,negative
2023-03-01,2023-03-01,23881.0,23089.0,23151.0,23647.0,24662841200,23647.0,positive
2023-03-02,2023-03-02,23739.0,23245.0,23647.0,23475.0,20386398516,23475.0,negative
2023-03-03,2023-03-03,23479.0,22213.0,23477.0,22363.0,26062404610,22363.0,negative
2023-03-04,2023-03-04,22405.0,22199.0,22363.0,22353.0,11166012913,22353.0,negative
2023-03-05,2023-03-05,22614.0,22307.0,22354.0,22436.0,13317001733,22436.0,positive
2023-03-06,2023-03-06,22584.0,22331.0,22437.0,22430.0,17353192895,22430.0,negative
2023-03-07,2023-03-07,22527.0,22011.0,22428.0,22220.0,22765452204,22220.0,negative
2023-03-08,2023-03-08,22269.0,21708.0,22216.0,21718.0,22536575684,21718.0,negative
2023-03-09,2023-03-09,21803.0,20210.0,21720.0,20363.0,30364664171,20363.0,negative
2023-03-10,2023-03-10,20371.0,19628.0,20367.0,20187.0,39578257695,20187.0,negative
2023-03-11,2023-03-11,20793.0,20069.0,20188.0,20632.0,30180288176,20632.0,positive
2023-03-12,2023-03-12,22185.0,20449.0,20628.0,22164.0,29279035521,22164.0,positive
2023-03-13,2023-03-13,24551.0,21918.0,22156.0,24198.0,49466362688,24198.0,positive
2023-03-14,2023-03-14,26515.0,24081.0,24202.0,24746.0,54622230164,24746.0,positive
2023-03-15,2023-03-15,25241.0,23965.0,24771.0,24376.0,43655701450,24376.0,negative
2023-03-16,2023-03-16,25190.0,24225.0,24373.0,25053.0,33866061747,25053.0,negative
2023-03-17,2023-03-17,27788.0,24955.0,25055.0,27424.0,50730261335,27424.0,positive
2023-03-18,2023-03-18,27726.0,26636.0,27448.0,26966.0,35723036817,26966.0,negative
2023-03-19,2023-03-19,28441.0,26908.0,26970.0,28039.0,37769448859,28039.0,positive
2023-03-20,2023-03-20,28528.0,27243.0,28042.0,27767.0,44774027664,27767.0,positive
2023-03-21,2023-03-21,28440.0,27440.0,27768.0,28176.0,36102192830,28176.0,negative
2023-03-22,2023-03-22,28803.0,26760.0,28159.0,27307.0,33382021890,27307.0,positive
2023-03-23,2023-03-23,28730.0,27183.0,27302.0,28334.0,24220433689,28334.0,negative
2023-03-24,2023-03-24,28388.0,27039.0,28324.0,27493.0,25980310960,27493.0,negative
2023-03-25,2023-03-25,27792.0,27196.0,27487.0,27495.0,13383005987,27495.0,negative
2023-03-26,2023-03-26,28178.0,27445.0,27496.0,27994.0,13878363192,27994.0,positive
2023-03-27,2023-03-27,28038.0,26607.0,27994.0,27140.0,18188895178,27140.0,negative
2023-03-28,2023-03-28,27461.0,26678.0,27133.0,27268.0,17783600385,27268.0,negative
2023-03-29,2023-03-29,28620.0,27260.0,27267.0,28348.0,20684945906,28348.0,positive
2023-03-30,2023-03-30,29160.0,27720.0,28350.0,28034.0,22435349951,28034.0,positive
2023-03-31,2023-03-31,28640.0,27584.0,28032.0,28478.0,19001327598,28478.0,negative
2023-04-01,2023-04-01,28802.0,28297.0,28473.0,28411.0,10876469901,28411.0,positive
2023-04-02,2023-04-02,28519.0,27884.0,28463.0,28199.0,12284641999,28199.0,negative
2023-04-03,2023-04-03,28476.0,27277.0,28183.0,27790.0,19556501327,27790.0,negative
2023-04-04,2023-04-04,28434.0,27681.0,27795.0,28168.0,15284538859,28168.0,negative
2023-04-05,2023-04-05,28739.0,27844.0,28170.0,28178.0,17052315986,28178.0,positive
2023-04-06,2023-04-06,28178.0,27739.0,28175.0,28044.0,13837809380,28044.0,negative
2023-04-07,2023-04-07,28112.0,27794.0,28039.0,27926.0,10861680497,27926.0,negative
2023-04-08,2023-04-08,28160.0,27883.0,27921.0,27948.0,9373255556,27948.0,positive
2023-04-09,2023-04-09,28533.0,27828.0,27952.0,28333.0,12175322951,28333.0,positive
2023-04-10,2023-04-10,29771.0,28189.0,28336.0,29653.0,19282400094,29653.0,positive
2023-04-11,2023-04-11,30509.0,29609.0,29654.0,30235.0,20121259843,30235.0,positive
2023-04-12,2023-04-12,30462.0,29726.0,30232.0,30139.0,18651929926,30139.0,negative
2023-04-13,2023-04-13,30540.0,29879.0,29893.0,30399.0,17487721001,30399.0,positive
2023-04-14,2023-04-14,31006.0,30044.0,30410.0,30486.0,22659995079,30486.0,positive
2023-04-15,2023-04-15,30602.0,30246.0,30491.0,30318.0,11940685378,30318.0,negative
2023-04-16,2023-04-16,30556.0,30158.0,30316.0,30315.0,12854816417,30315.0,negative
2023-04-17,2023-04-17,30319.0,29275.0,30317.0,29445.0,17872186762,29445.0,negative
2023-04-18,2023-04-18,30470.0,29155.0,29449.0,30398.0,19480529496,30398.0,positive
2023-04-19,2023-04-19,30411.0,28670.0,30394.0,28823.0,24571565421,28823.0,negative
2023-04-20,2023-04-20,29076.0,28037.0,28824.0,28246.0,21340360360,28246.0,negative
2023-04-21,2023-04-21,28350.0,27177.0,28249.0,27277.0,20759504330,27277.0,negative
2023-04-22,2023-04-22,27872.0,27170.0,27266.0,27818.0,13125734602,27818.0,negative
2023-04-23,2023-04-23,27820.0,27400.0,27816.0,27591.0,12785446832,27591.0,negative
2023-04-24,2023-04-24,27980.0,27071.0,27592.0,27525.0,17703288330,27525.0,positive
2023-04-25,2023-04-25,28371.0,27208.0,27515.0,28308.0,17733373139,28308.0,positive
2023-04-26,2023-04-26,29996.0,27325.0,28300.0,28423.0,31854242019,28423.0,positive
2023-04-27,2023-04-27,29872.0,28403.0,28428.0,29474.0,27153445027,29474.0,negative
2023-04-28,2023-04-28,29573.0,28930.0,29481.0,29340.0,17544464887,29340.0,negative
2023-04-29,2023-04-29,29452.0,29088.0,29337.0,29248.0,10662634333,29248.0,negative
2023-04-30,2023-04-30,29952.0,29114.0,29246.0,29269.0,14652199272,29269.0,positive
2023-05-01,2023-05-01,29330.0,27681.0,29227.0,28092.0,18655599976,28092.0,negative
2023-05-02,2023-05-02,28881.0,27924.0,28087.0,28681.0,16432924527,28681.0,negative
2023-05-03,2023-05-03,29260.0,28178.0,28680.0,29006.0,19122972518,29006.0,positive
2023-05-04,2023-05-04,29353.0,28694.0,29031.0,28848.0,15548678514,28848.0,positive
2023-05-05,2023-05-05,29669.0,28846.0,28851.0,29534.0,17936566518,29534.0,positive
2023-05-06,2023-05-06,29820.0,28469.0,29539.0,28905.0,15913866714,28905.0,positive
2023-05-07,2023-05-07,29158.0,28441.0,28902.0,28455.0,11301355486,28455.0,negative
2023-05-08,2023-05-08,28663.0,27310.0,28450.0,27694.0,19122903752,27694.0,negative
2023-05-09,2023-05-09,27821.0,27376.0,27695.0,27659.0,14128593256,27659.0,negative
2023-05-10,2023-05-10,28323.0,26884.0,27655.0,27622.0,20656025026,27622.0,positive
2023-05-11,2023-05-11,27622.0,26782.0,27621.0,27001.0,16724343943,27001.0,negative
2023-05-12,2023-05-12,27056.0,25878.0,26988.0,26805.0,19313599897,26805.0,negative
2023-05-13,2023-05-13,27030.0,26711.0,26808.0,26784.0,9999171605,26784.0,negative
2023-05-14,2023-05-14,27151.0,26661.0,26789.0,26931.0,10014858959,26931.0,positive
2023-05-15,2023-05-15,27646.0,26766.0,26931.0,27193.0,14413231792,27193.0,positive
2023-05-16,2023-05-16,27299.0,26879.0,27172.0,27037.0,12732238816,27037.0,negative
2023-05-17,2023-05-17,27466.0,26600.0,27035.0,27399.0,15140006925,27399.0,positive
2023-05-18,2023-05-18,27467.0,26415.0,27402.0,26832.0,15222938600,26832.0,positive
2023-05-19,2023-05-19,27129.0,26700.0,26827.0,26890.0,11258983301,26890.0,negative
2023-05-20,2023-05-20,27155.0,26843.0,26889.0,27130.0,7044911360,27130.0,positive
2023-05-21,2023-05-21,27266.0,26707.0,27118.0,26754.0,8647416921,26754.0,positive
2023-05-22,2023-05-22,27046.0,26550.0,26750.0,26851.0,11056770492,26851.0,negative
2023-05-23,2023-05-23,27435.0,26816.0,26856.0,27226.0,13697203143,27226.0,positive
2023-05-24,2023-05-24,27225.0,26107.0,27225.0,26335.0,16299104428,26335.0,negative
2023-05-25,2023-05-25,26592.0,25891.0,26329.0,26476.0,13851122697,26476.0,negative
2023-05-26,2023-05-26,26917.0,26344.0,26474.0,26719.0,12711619225,26719.0,positive
2023-05-27,2023-05-27,26889.0,26621.0,26720.0,26868.0,7892015141,26868.0,negative
2023-05-28,2023-05-28,28193.0,26803.0,26871.0,28086.0,14545229578,28086.0,positive
2023-05-29,2023-05-29,28432.0,27564.0,28076.0,27746.0,15181308984,27746.0,positive
2023-05-30,2023-05-30,28045.0,27589.0,27745.0,27702.0,13251081851,27702.0,negative
2023-05-31,2023-05-31,27832.0,26866.0,27701.0,27220.0,15656371534,27220.0,negative
2023-06-01,2023-06-01,27346.0,26672.0,27218.0,26820.0,14678970415,26820.0,negative
2023-06-02,2023-06-02,27304.0,26575.0,26825.0,27250.0,14837415000,27250.0,negative
2023-06-03,2023-06-03,27317.0,26958.0,27252.0,27075.0,8385597470,27075.0,positive
2023-06-04,2023-06-04,27407.0,26968.0,27075.0,27119.0,9360912318,27119.0,positive
2023-06-05,2023-06-05,27130.0,25445.0,27123.0,25760.0,21513292646,25760.0,negative
2023-06-06,2023-06-06,27314.0,25435.0,25732.0,27239.0,21929670693,27239.0,positive
2023-06-07,2023-06-07,27332.0,26147.0,27236.0,26346.0,19530045082,26346.0,positive
2023-06-08,2023-06-08,26798.0,26247.0,26348.0,26508.0,11904824295,26508.0,negative
2023-06-09,2023-06-09,26770.0,26339.0,26506.0,26480.0,11015551640,26480.0,negative
2023-06-10,2023-06-10,26531.0,25502.0,26482.0,25851.0,19872933189,25851.0,negative
2023-06-11,2023-06-11,26203.0,25669.0,25854.0,25940.0,10732609603,25940.0,negative
2023-06-12,2023-06-12,26088.0,25675.0,25934.0,25902.0,11677889997,25902.0,negative
