formatted_date,close,high,low,open,volume,adjclose,date,changes
2021-01-02,787.0,718.0,730.0,775.0,19740771179,775.0,2021-01-02,neutral
2021-01-03,1007.0,772.0,775.0,976.0,45200463368,976.0,2021-01-03,positive
2021-01-04,1153.0,912.0,977.0,1040.0,56945985763,1040.0,2021-01-04,positive
2021-01-05,1129.0,987.0,1041.0,1100.0,41535932781,1100.0,2021-01-05,negative
2021-01-06,1209.0,1064.0,1101.0,1207.0,44699914188,1207.0,2021-01-06,positive
2021-01-07,1283.0,1167.0,1208.0,1226.0,40468027280,1226.0,2021-01-07,positive
2021-01-08,1274.0,1076.0,1226.0,1224.0,44334826666,1224.0,2021-01-08,negative
2021-01-09,1304.0,1182.0,1224.0,1281.0,33233105361,1281.0,2021-01-09,positive
2021-01-10,1348.0,1195.0,1281.0,1262.0,40616938053,1262.0,2021-01-10,positive
2021-01-11,1262.0,925.0,1262.0,1090.0,60733630300,1090.0,2021-01-11,negative
2021-01-12,1149.0,1013.0,1089.0,1043.0,37494601692,1043.0,2021-01-12,negative
2021-01-13,1134.0,995.0,1044.0,1131.0,30109792795,1131.0,2021-01-13,negative
2021-01-14,1244.0,1093.0,1130.0,1218.0,33410915929,1218.0,2021-01-14,positive
2021-01-15,1251.0,1091.0,1222.0,1172.0,35972039310,1172.0,2021-01-15,positive
2021-01-16,1290.0,1158.0,1171.0,1234.0,32319240157,1234.0,2021-01-16,positive
2021-01-17,1266.0,1174.0,1233.0,1230.0,29258032819,1230.0,2021-01-17,negative
2021-01-18,1259.0,1187.0,1230.0,1257.0,25817455560,1257.0,2021-01-18,negative
2021-01-19,1432.0,1255.0,1257.0,1377.0,47195935190,1377.0,2021-01-19,positive
2021-01-20,1406.0,1243.0,1375.0,1382.0,46784030909,1382.0,2021-01-20,negative
2021-01-21,1383.0,1098.0,1383.0,1122.0,45932464754,1122.0,2021-01-21,negative
2021-01-22,1272.0,1047.0,1119.0,1237.0,43918338506,1237.0,2021-01-22,negative
2021-01-23,1272.0,1201.0,1235.0,1231.0,27253895441,1231.0,2021-01-23,neutral
2021-01-24,1395.0,1225.0,1231.0,1392.0,36418163554,1392.0,2021-01-24,positive
2021-01-25,1468.0,1305.0,1391.0,1324.0,43565777745,1324.0,2021-01-25,positive
2021-01-26,1376.0,1253.0,1324.0,1357.0,41572917750,1357.0,2021-01-26,negative
2021-01-27,1368.0,1215.0,1358.0,1253.0,39394416990,1253.0,2021-01-27,negative
2021-01-28,1356.0,1226.0,1251.0,1332.0,34637234789,1332.0,2021-01-28,negative
2021-01-29,1429.0,1292.0,1369.0,1383.0,53611955259,1383.0,2021-01-29,positive
2021-01-30,1402.0,1329.0,1382.0,1376.0,30616574234,1376.0,2021-01-30,negative
2021-01-31,1379.0,1289.0,1377.0,1315.0,25198853581,1315.0,2021-01-31,negative
2021-02-01,1374.0,1274.0,1315.0,1369.0,29210670920,1369.0,2021-02-01,negative
2021-02-02,1543.0,1363.0,1370.0,1515.0,45437142801,1515.0,2021-02-02,positive
2021-02-03,1661.0,1510.0,1515.0,1661.0,41874566399,1661.0,2021-02-03,positive
2021-02-04,1689.0,1562.0,1661.0,1595.0,44396871836,1595.0,2021-02-04,positive
2021-02-05,1757.0,1595.0,1595.0,1719.0,40108628454,1719.0,2021-02-05,positive
2021-02-06,1738.0,1649.0,1718.0,1678.0,39873420648,1678.0,2021-02-06,negative
2021-02-07,1690.0,1502.0,1678.0,1614.0,39889440151,1614.0,2021-02-07,negative
2021-02-08,1771.0,1572.0,1614.0,1747.0,48012285956,1747.0,2021-02-08,positive
2021-02-09,1816.0,1712.0,1747.0,1768.0,44180727529,1768.0,2021-02-09,positive
2021-02-10,1827.0,1687.0,1768.0,1744.0,41916084617,1744.0,2021-02-10,positive
2021-02-11,1807.0,1709.0,1744.0,1784.0,36021495262,1784.0,2021-02-11,negative
2021-02-12,1861.0,1744.0,1783.0,1844.0,37905036865,1844.0,2021-02-12,positive
2021-02-13,1872.0,1771.0,1844.0,1814.0,35359490535,1814.0,2021-02-13,positive
2021-02-14,1848.0,1790.0,1814.0,1805.0,31439114900,1805.0,2021-02-14,negative
2021-02-15,1834.0,1684.0,1805.0,1780.0,38955610883,1780.0,2021-02-15,negative
2021-02-16,1825.0,1730.0,1779.0,1781.0,34269369268,1781.0,2021-02-16,negative
2021-02-17,1854.0,1737.0,1781.0,1848.0,35955412703,1848.0,2021-02-17,positive
2021-02-18,1950.0,1848.0,1848.0,1937.0,28255902969,1937.0,2021-02-18,positive
2021-02-19,1970.0,1897.0,1939.0,1960.0,26268814253,1960.0,2021-02-19,positive
2021-02-20,2036.0,1831.0,1960.0,1920.0,34696091102,1920.0,2021-02-20,positive
2021-02-21,1974.0,1890.0,1919.0,1936.0,23626547717,1936.0,2021-02-21,negative
2021-02-22,1936.0,1581.0,1936.0,1782.0,42409646036,1782.0,2021-02-22,negative
2021-02-23,1781.0,1379.0,1781.0,1570.0,52029864713,1570.0,2021-02-23,negative
2021-02-24,1711.0,1511.0,1571.0,1627.0,31329000537,1627.0,2021-02-24,negative
2021-02-25,1670.0,1465.0,1625.0,1476.0,24481681873,1476.0,2021-02-25,negative
2021-02-26,1559.0,1408.0,1479.0,1446.0,31435997881,1446.0,2021-02-26,negative
2021-02-27,1525.0,1434.0,1447.0,1460.0,20742103233,1460.0,2021-02-27,negative
2021-02-28,1468.0,1300.0,1460.0,1416.0,27637026080,1416.0,2021-02-28,negative
2021-03-01,1568.0,1416.0,1417.0,1565.0,24032838645,1565.0,2021-03-01,positive
2021-03-02,1598.0,1461.0,1564.0,1493.0,22523669722,1493.0,2021-03-02,positive
2021-03-03,1650.0,1482.0,1491.0,1576.0,22674780680,1576.0,2021-03-03,positive
2021-03-04,1623.0,1511.0,1575.0,1542.0,22906118718,1542.0,2021-03-04,negative
2021-03-05,1548.0,1451.0,1542.0,1533.0,21067146937,1533.0,2021-03-05,negative
2021-03-06,1669.0,1519.0,1532.0,1655.0,22746262366,1655.0,2021-03-06,positive
2021-03-07,1731.0,1637.0,1655.0,1723.0,23809935410,1723.0,2021-03-07,positive
2021-03-08,1835.0,1671.0,1724.0,1835.0,27630991158,1835.0,2021-03-08,positive
2021-03-09,1868.0,1804.0,1835.0,1868.0,23461244507,1868.0,2021-03-09,positive
2021-03-10,1874.0,1766.0,1868.0,1799.0,25154173185,1799.0,2021-03-10,positive
2021-03-11,1844.0,1735.0,1798.0,1826.0,24013132909,1826.0,2021-03-11,negative
2021-03-12,1839.0,1729.0,1827.0,1772.0,22435821312,1772.0,2021-03-12,negative
2021-03-13,1938.0,1734.0,1772.0,1925.0,25014689475,1925.0,2021-03-13,positive
2021-03-14,1931.0,1845.0,1924.0,1855.0,19344589211,1855.0,2021-03-14,negative
2021-03-15,1889.0,1750.0,1854.0,1792.0,26244738810,1792.0,2021-03-15,negative
2021-03-16,1817.0,1720.0,1792.0,1807.0,23828509590,1807.0,2021-03-16,negative
2021-03-17,1840.0,1749.0,1807.0,1823.0,24512917348,1823.0,2021-03-17,positive
2021-03-18,1849.0,1706.0,1823.0,1783.0,23263845504,1783.0,2021-03-18,positive
2021-03-19,1841.0,1746.0,1783.0,1818.0,21249297710,1818.0,2021-03-19,negative
2021-03-20,1875.0,1812.0,1818.0,1813.0,22677674970,1813.0,2021-03-20,positive
2021-03-21,1823.0,1764.0,1813.0,1788.0,22977404620,1788.0,2021-03-21,negative
2021-03-22,1812.0,1674.0,1788.0,1691.0,23599296129,1691.0,2021-03-22,negative
2021-03-23,1725.0,1663.0,1691.0,1679.0,21998237965,1679.0,2021-03-23,negative
2021-03-24,1740.0,1571.0,1678.0,1593.0,31228051473,1593.0,2021-03-24,positive
2021-03-25,1626.0,1560.0,1593.0,1595.0,29650328701,1595.0,2021-03-25,negative
2021-03-26,1703.0,1595.0,1595.0,1703.0,22548516548,1703.0,2021-03-26,positive
2021-03-27,1733.0,1674.0,1703.0,1716.0,18102277710,1716.0,2021-03-27,positive
2021-03-28,1729.0,1673.0,1716.0,1691.0,16599472938,1691.0,2021-03-28,negative
2021-03-29,1837.0,1684.0,1691.0,1820.0,22796570548,1820.0,2021-03-29,positive
2021-03-30,1861.0,1794.0,1819.0,1846.0,22512781703,1846.0,2021-03-30,positive
2021-03-31,1948.0,1793.0,1846.0,1918.0,30226902621,1918.0,2021-03-31,positive
2021-04-01,1989.0,1912.0,1919.0,1977.0,30914259795,1977.0,2021-04-01,positive
2021-04-02,2152.0,1961.0,1977.0,2143.0,34862511022,2143.0,2021-04-02,positive
2021-04-03,2145.0,2028.0,2143.0,2028.0,32011518871,2028.0,2021-04-03,negative
2021-04-04,2110.0,2007.0,2028.0,2093.0,26006501902,2093.0,2021-04-04,negative
2021-04-05,2141.0,2032.0,2093.0,2108.0,28889391170,2108.0,2021-04-05,positive
2021-04-06,2151.0,2058.0,2109.0,2118.0,29222865881,2118.0,2021-04-06,positive
2021-04-07,2133.0,1945.0,2118.0,1971.0,36116271935,1971.0,2021-04-07,negative
2021-04-08,2092.0,1959.0,1969.0,2089.0,25312956529,2089.0,2021-04-08,negative
2021-04-09,2103.0,2055.0,2089.0,2072.0,19812472092,2072.0,2021-04-09,positive
2021-04-10,2197.0,2063.0,2071.0,2136.0,24986243611,2136.0,2021-04-10,positive
2021-04-11,2165.0,2120.0,2136.0,2158.0,19692836132,2158.0,2021-04-11,negative
2021-04-12,2200.0,2110.0,2157.0,2139.0,21727936609,2139.0,2021-04-12,positive
2021-04-13,2318.0,2139.0,2139.0,2299.0,29456642939,2299.0,2021-04-13,positive
2021-04-14,2450.0,2285.0,2299.0,2435.0,35592822986,2435.0,2021-04-14,positive
2021-04-15,2544.0,2410.0,2436.0,2519.0,32325606817,2519.0,2021-04-15,positive
2021-04-16,2548.0,2319.0,2517.0,2432.0,36196928256,2432.0,2021-04-16,positive
2021-04-17,2497.0,2334.0,2430.0,2345.0,32349808978,2345.0,2021-04-17,negative
2021-04-18,2365.0,2012.0,2346.0,2237.0,50696368718,2237.0,2021-04-18,negative
2021-04-19,2277.0,2087.0,2238.0,2166.0,34060654971,2166.0,2021-04-19,negative
2021-04-20,2346.0,2060.0,2162.0,2330.0,39433483315,2330.0,2021-04-20,positive
2021-04-21,2467.0,2238.0,2331.0,2365.0,38899067643,2365.0,2021-04-21,positive
2021-04-22,2641.0,2316.0,2358.0,2404.0,53575904724,2404.0,2021-04-22,positive
2021-04-23,2440.0,2117.0,2401.0,2364.0,55413933925,2364.0,2021-04-23,negative
2021-04-24,2368.0,2164.0,2367.0,2212.0,31854226936,2212.0,2021-04-24,negative
2021-04-25,2354.0,2173.0,2214.0,2316.0,31814355546,2316.0,2021-04-25,negative
2021-04-26,2536.0,2308.0,2319.0,2534.0,35208325408,2534.0,2021-04-26,positive
2021-04-27,2676.0,2485.0,2534.0,2663.0,32275969215,2663.0,2021-04-27,positive
2021-04-28,2757.0,2564.0,2665.0,2746.0,34269031076,2746.0,2021-04-28,positive
2021-04-29,2798.0,2672.0,2749.0,2757.0,32578127990,2757.0,2021-04-29,positive
2021-04-30,2796.0,2728.0,2758.0,2773.0,29777179889,2773.0,2021-04-30,negative
2021-05-01,2951.0,2756.0,2773.0,2946.0,28726205272,2946.0,2021-05-01,positive
2021-05-02,2985.0,2861.0,2946.0,2952.0,28032013047,2952.0,2021-05-02,positive
2021-05-03,3450.0,2951.0,2951.0,3431.0,49174290212,3431.0,2021-05-03,positive
2021-05-04,3524.0,3181.0,3431.0,3254.0,62402045158,3254.0,2021-05-04,positive
2021-05-05,3541.0,3213.0,3241.0,3523.0,48334198383,3523.0,2021-05-05,positive
2021-05-06,3599.0,3386.0,3525.0,3491.0,44300394788,3491.0,2021-05-06,positive
2021-05-07,3573.0,3370.0,3490.0,3485.0,39607240515,3485.0,2021-05-07,negative
2021-05-08,3950.0,3454.0,3482.0,3903.0,50208491286,3903.0,2021-05-08,positive
2021-05-09,3981.0,3744.0,3911.0,3929.0,50568290278,3929.0,2021-05-09,positive
2021-05-10,4197.0,3684.0,3924.0,3952.0,62691789007,3952.0,2021-05-10,positive
2021-05-11,4178.0,3784.0,3948.0,4169.0,52679737865,4169.0,2021-05-11,negative
2021-05-12,4362.0,3786.0,4175.0,3786.0,69023382175,3786.0,2021-05-12,positive
2021-05-13,4033.0,3549.0,3829.0,3715.0,78398214539,3715.0,2021-05-13,negative
2021-05-14,4171.0,3703.0,3720.0,4079.0,48174271215,4079.0,2021-05-14,positive
2021-05-15,4129.0,3638.0,4076.0,3638.0,42422321751,3638.0,2021-05-15,negative
2021-05-16,3879.0,3351.0,3642.0,3588.0,47359478734,3588.0,2021-05-16,negative
2021-05-17,3588.0,3129.0,3581.0,3282.0,54061732774,3282.0,2021-05-17,negative
2021-05-18,3562.0,3246.0,3277.0,3380.0,40416525218,3380.0,2021-05-18,negative
2021-05-19,3438.0,1952.0,3383.0,2461.0,84482912776,2461.0,2021-05-19,negative
2021-05-20,2993.0,2170.0,2440.0,2784.0,67610826680,2784.0,2021-05-20,negative
2021-05-21,2938.0,2113.0,2772.0,2431.0,53774070802,2431.0,2021-05-21,negative
2021-05-22,2484.0,2168.0,2436.0,2296.0,42089937660,2296.0,2021-05-22,negative
2021-05-23,2384.0,1737.0,2298.0,2110.0,56005721977,2110.0,2021-05-23,negative
2021-05-24,2673.0,2091.0,2100.0,2644.0,53697121740,2644.0,2021-05-24,positive
2021-05-25,2751.0,2394.0,2649.0,2707.0,49558333256,2707.0,2021-05-25,positive
2021-05-26,2912.0,2652.0,2707.0,2889.0,42499766020,2889.0,2021-05-26,positive
2021-05-27,2889.0,2643.0,2889.0,2736.0,33373635283,2736.0,2021-05-27,negative
2021-05-28,2761.0,2336.0,2742.0,2420.0,39999114805,2420.0,2021-05-28,negative
2021-05-29,2567.0,2208.0,2414.0,2280.0,33773720220,2280.0,2021-05-29,negative
2021-05-30,2472.0,2189.0,2278.0,2390.0,25876619428,2390.0,2021-05-30,negative
2021-05-31,2716.0,2280.0,2387.0,2715.0,31007383150,2715.0,2021-05-31,positive
2021-06-01,2740.0,2531.0,2708.0,2634.0,27363223090,2634.0,2021-06-01,positive
2021-06-02,2801.0,2555.0,2634.0,2706.0,27723267359,2706.0,2021-06-02,positive
2021-06-03,2891.0,2668.0,2708.0,2855.0,30038207402,2855.0,2021-06-03,positive
2021-06-04,2857.0,2563.0,2857.0,2688.0,34173841611,2688.0,2021-06-04,negative
2021-06-05,2817.0,2558.0,2692.0,2631.0,30496672724,2631.0,2021-06-05,negative
2021-06-06,2743.0,2616.0,2630.0,2715.0,25311639414,2715.0,2021-06-06,negative
2021-06-07,2845.0,2584.0,2713.0,2590.0,30600111277,2590.0,2021-06-07,positive
2021-06-08,2621.0,2316.0,2595.0,2517.0,41909736778,2517.0,2021-06-08,negative
2021-06-09,2625.0,2412.0,2510.0,2608.0,36075832186,2608.0,2021-06-09,positive
2021-06-10,2620.0,2435.0,2611.0,2472.0,28753626390,2472.0,2021-06-10,negative
2021-06-11,2495.0,2327.0,2473.0,2354.0,24832564195,2354.0,2021-06-11,negative
2021-06-12,2447.0,2266.0,2355.0,2372.0,25724364410,2372.0,2021-06-12,negative
2021-06-13,2547.0,2313.0,2373.0,2508.0,27092945370,2508.0,2021-06-13,positive
2021-06-14,2606.0,2469.0,2509.0,2538.0,26964576331,2538.0,2021-06-14,positive
2021-06-15,2639.0,2515.0,2588.0,2611.0,29005279219,2611.0,2021-06-15,positive
2021-06-16,2555.0,2354.0,2545.0,2368.0,24101926180,2368.0,2021-06-16,negative
2021-06-17,2457.0,2312.0,2367.0,2372.0,21871633186,2372.0,2021-06-17,negative
2021-06-18,2377.0,2147.0,2375.0,2232.0,22752818388,2232.0,2021-06-18,negative
2021-06-19,2278.0,2169.0,2235.0,2178.0,18765854896,2178.0,2021-06-19,negative
2021-06-20,2275.0,2050.0,2171.0,2246.0,22535930423,2246.0,2021-06-20,negative
2021-06-21,2259.0,1867.0,2245.0,1888.0,33745173825,1888.0,2021-06-21,negative
2021-06-22,1993.0,1708.0,1887.0,1875.0,35547251725,1875.0,2021-06-22,negative
2021-06-23,2044.0,1828.0,1879.0,1990.0,28408659206,1990.0,2021-06-23,positive
2021-06-24,2032.0,1887.0,1969.0,1988.0,20272845769,1988.0,2021-06-24,negative
2021-06-25,2018.0,1794.0,1989.0,1813.0,22774334998,1813.0,2021-06-25,negative
2021-06-26,1850.0,1720.0,1811.0,1829.0,20637542361,1829.0,2021-06-26,negative
2021-06-27,1980.0,1811.0,1831.0,1979.0,19885474742,1979.0,2021-06-27,positive
2021-06-28,2140.0,1964.0,1981.0,2080.0,25514602841,2080.0,2021-06-28,positive
2021-06-29,2242.0,2076.0,2083.0,2161.0,24815124419,2161.0,2021-06-29,positive
2021-06-30,2283.0,2091.0,2164.0,2275.0,25828056268,2275.0,2021-06-30,positive
2021-07-01,2274.0,2081.0,2274.0,2114.0,29061701793,2114.0,2021-07-01,negative
2021-07-02,2156.0,2022.0,2110.0,2150.0,31796212554,2150.0,2021-07-02,negative
2021-07-03,2238.0,2118.0,2151.0,2226.0,17433361641,2226.0,2021-07-03,positive
2021-07-04,2384.0,2191.0,2227.0,2322.0,18787107473,2322.0,2021-07-04,positive
2021-07-05,2322.0,2163.0,2322.0,2199.0,20103794829,2199.0,2021-07-05,negative
2021-07-06,2346.0,2198.0,2198.0,2325.0,20891861314,2325.0,2021-07-06,positive
2021-07-07,2404.0,2298.0,2323.0,2315.0,22398345285,2315.0,2021-07-07,positive
2021-07-08,2324.0,2089.0,2318.0,2120.0,23188123689,2120.0,2021-07-08,negative
2021-07-09,2185.0,2051.0,2116.0,2147.0,23029574602,2147.0,2021-07-09,negative
2021-07-10,2190.0,2082.0,2147.0,2111.0,17581542471,2111.0,2021-07-10,positive
2021-07-11,2173.0,2084.0,2111.0,2140.0,14705386138,2140.0,2021-07-11,negative
2021-07-12,2168.0,2011.0,2141.0,2037.0,17768129077,2037.0,2021-07-12,negative
2021-07-13,2041.0,1923.0,2034.0,1940.0,16621628658,1940.0,2021-07-13,negative
2021-07-14,2015.0,1869.0,1941.0,1994.0,17342819679,1994.0,2021-07-14,negative
2021-07-15,2038.0,1883.0,1995.0,1911.0,15688092552,1911.0,2021-07-15,positive
2021-07-16,1960.0,1854.0,1917.0,1880.0,14884569147,1880.0,2021-07-16,negative
2021-07-17,1918.0,1856.0,1877.0,1899.0,13364282076,1899.0,2021-07-17,negative
2021-07-18,1988.0,1883.0,1900.0,1896.0,13791868728,1896.0,2021-07-18,positive
2021-07-19,1916.0,1808.0,1893.0,1817.0,14157735481,1817.0,2021-07-19,negative
2021-07-20,1837.0,1722.0,1819.0,1788.0,17368597636,1788.0,2021-07-20,negative
2021-07-21,2026.0,1759.0,1786.0,1991.0,21253359756,1991.0,2021-07-21,positive
2021-07-22,2044.0,1954.0,1995.0,2025.0,17495480331,2025.0,2021-07-22,positive
2021-07-23,2129.0,2000.0,2025.0,2125.0,16200392492,2125.0,2021-07-23,positive
2021-07-24,2198.0,2107.0,2124.0,2189.0,16057446601,2189.0,2021-07-24,positive
2021-07-25,2194.0,2109.0,2187.0,2191.0,14566483636,2191.0,2021-07-25,negative
2021-07-26,2429.0,2177.0,2191.0,2233.0,29614324233,2233.0,2021-07-26,positive
2021-07-27,2317.0,2155.0,2230.0,2298.0,23067480378,2298.0,2021-07-27,negative
2021-07-28,2342.0,2251.0,2302.0,2297.0,18991302378,2297.0,2021-07-28,positive
2021-07-29,2396.0,2273.0,2299.0,2381.0,16313373113,2381.0,2021-07-29,positive
2021-07-30,2470.0,2322.0,2383.0,2467.0,20212848934,2467.0,2021-07-30,positive
2021-07-31,2551.0,2424.0,2462.0,2536.0,18001710283,2536.0,2021-07-31,positive
2021-08-01,2695.0,2521.0,2530.0,2562.0,22697987055,2562.0,2021-08-01,positive
2021-08-02,2666.0,2511.0,2558.0,2610.0,22162754104,2610.0,2021-08-02,negative
2021-08-03,2630.0,2449.0,2609.0,2502.0,22696753413,2502.0,2021-08-03,negative
2021-08-04,2764.0,2463.0,2509.0,2725.0,25038698173,2725.0,2021-08-04,positive
2021-08-05,2840.0,2541.0,2726.0,2827.0,31057928075,2827.0,2021-08-05,positive
2021-08-06,2945.0,2728.0,2828.0,2891.0,26528577879,2891.0,2021-08-06,positive
2021-08-07,3170.0,2869.0,2892.0,3157.0,33081467129,3157.0,2021-08-07,positive
2021-08-08,3185.0,2952.0,3161.0,3014.0,28433638008,3014.0,2021-08-08,positive
2021-08-09,3186.0,2901.0,3013.0,3168.0,31983260936,3168.0,2021-08-09,positive
2021-08-10,3229.0,3059.0,3163.0,3142.0,27605221710,3142.0,2021-08-10,positive
2021-08-11,3269.0,3123.0,3143.0,3164.0,26729035052,3164.0,2021-08-11,positive
2021-08-12,3236.0,2984.0,3164.0,3043.0,25403699845,3043.0,2021-08-12,negative
2021-08-13,3325.0,3038.0,3049.0,3322.0,23868866254,3322.0,2021-08-13,positive
2021-08-14,3329.0,3215.0,3323.0,3265.0,19860862133,3265.0,2021-08-14,positive
2021-08-15,3320.0,3118.0,3266.0,3311.0,22166205051,3311.0,2021-08-15,negative
2021-08-16,3334.0,3140.0,3309.0,3157.0,23080039949,3157.0,2021-08-16,positive
2021-08-17,3289.0,2996.0,3149.0,3015.0,25509056745,3015.0,2021-08-17,negative
2021-08-18,3125.0,2959.0,3012.0,3020.0,21539248425,3020.0,2021-08-18,negative
2021-08-19,3184.0,2963.0,3019.0,3183.0,19546290360,3183.0,2021-08-19,positive
2021-08-20,3298.0,3178.0,3182.0,3287.0,20885619828,3287.0,2021-08-20,positive
2021-08-21,3307.0,3210.0,3287.0,3226.0,18113977628,3226.0,2021-08-21,positive
2021-08-22,3273.0,3142.0,3226.0,3242.0,15983278460,3242.0,2021-08-22,negative
2021-08-23,3373.0,3236.0,3241.0,3319.0,20511110509,3319.0,2021-08-23,positive
2021-08-24,3359.0,3154.0,3325.0,3172.0,20131028906,3172.0,2021-08-24,negative
2021-08-25,3249.0,3086.0,3174.0,3225.0,18902728235,3225.0,2021-08-25,negative
2021-08-26,3250.0,3060.0,3229.0,3100.0,17405668117,3100.0,2021-08-26,positive
2021-08-27,3282.0,3064.0,3096.0,3271.0,18489602004,3271.0,2021-08-27,positive
2021-08-28,3285.0,3217.0,3275.0,3244.0,13709633698,3244.0,2021-08-28,positive
2021-08-29,3283.0,3159.0,3247.0,3227.0,13296586731,3227.0,2021-08-29,negative
2021-08-30,3347.0,3151.0,3227.0,3224.0,19306924485,3224.0,2021-08-30,positive
2021-08-31,3467.0,3195.0,3228.0,3434.0,27280502987,3434.0,2021-08-31,positive
2021-09-01,3837.0,3387.0,3431.0,3835.0,30070890104,3835.0,2021-09-01,positive
2021-09-02,3831.0,3727.0,3825.0,3791.0,24387397330,3791.0,2021-09-02,negative
2021-09-03,4022.0,3713.0,3787.0,3941.0,26207765094,3941.0,2021-09-03,positive
2021-09-04,3969.0,3838.0,3938.0,3888.0,20806963328,3888.0,2021-09-04,negative
2021-09-05,3979.0,3838.0,3886.0,3952.0,18371468576,3952.0,2021-09-05,positive
2021-09-06,3968.0,3869.0,3952.0,3928.0,18674691198,3928.0,2021-09-06,negative
2021-09-07,3945.0,3062.0,3927.0,3426.0,39131346397,3426.0,2021-09-07,negative
2021-09-08,3559.0,3225.0,3428.0,3497.0,31738430771,3497.0,2021-09-08,negative
2021-09-09,3563.0,3401.0,3453.0,3427.0,24118055831,3427.0,2021-09-09,positive
2021-09-10,3513.0,3157.0,3426.0,3212.0,22355974097,3212.0,2021-09-10,negative
2021-09-11,3347.0,3209.0,3209.0,3270.0,18627122934,3270.0,2021-09-11,negative
2021-09-12,3462.0,3235.0,3270.0,3410.0,16810411424,3410.0,2021-09-12,positive
2021-09-13,3427.0,3122.0,3407.0,3286.0,22721552948,3286.0,2021-09-13,negative
2021-09-14,3429.0,3274.0,3286.0,3429.0,19125420848,3429.0,2021-09-14,positive
2021-09-15,3615.0,3366.0,3431.0,3615.0,17548551804,3615.0,2021-09-15,positive
2021-09-16,3673.0,3490.0,3613.0,3571.0,20093903064,3571.0,2021-09-16,positive
2021-09-17,3589.0,3356.0,3570.0,3399.0,17722363229,3399.0,2021-09-17,negative
2021-09-18,3541.0,3372.0,3397.0,3432.0,15995220233,3432.0,2021-09-18,negative
2021-09-19,3448.0,3286.0,3433.0,3329.0,14257609743,3329.0,2021-09-19,negative
2021-09-20,3343.0,2941.0,3330.0,2959.0,27371684581,2959.0,2021-09-20,negative
2021-09-21,3102.0,2676.0,2977.0,2764.0,30405062665,2764.0,2021-09-21,negative
2021-09-22,3089.0,2741.0,2763.0,3078.0,23742102645,3078.0,2021-09-22,negative
2021-09-23,3174.0,3038.0,3078.0,3156.0,18516291047,3156.0,2021-09-23,positive
2021-09-24,3160.0,2747.0,3155.0,2932.0,25595422789,2932.0,2021-09-24,negative
2021-09-25,2969.0,2819.0,2931.0,2926.0,18932786754,2926.0,2021-09-25,negative
2021-09-26,3115.0,2745.0,2926.0,3062.0,21172766310,3062.0,2021-09-26,positive
2021-09-27,3164.0,2933.0,3066.0,2934.0,19164053681,2934.0,2021-09-27,positive
2021-09-28,2971.0,2793.0,2929.0,2807.0,16895079070,2807.0,2021-09-28,negative
2021-09-29,2947.0,2787.0,2809.0,2853.0,15763456158,2853.0,2021-09-29,negative
2021-09-30,3047.0,2840.0,2853.0,3002.0,17661065099,3002.0,2021-09-30,positive
2021-10-01,3330.0,2979.0,3001.0,3308.0,22307625573,3308.0,2021-10-01,positive
2021-10-02,3465.0,3260.0,3309.0,3392.0,19202671704,3392.0,2021-10-02,positive
2021-10-03,3485.0,3348.0,3391.0,3418.0,15516566862,3418.0,2021-10-03,positive
2021-10-04,3435.0,3283.0,3419.0,3380.0,17747154101,3380.0,2021-10-04,negative
2021-10-05,3541.0,3366.0,3382.0,3519.0,16632591670,3519.0,2021-10-05,positive
2021-10-06,3623.0,3354.0,3517.0,3581.0,21855226591,3581.0,2021-10-06,positive
2021-10-07,3650.0,3480.0,3577.0,3588.0,19090322927,3588.0,2021-10-07,positive
2021-10-08,3668.0,3548.0,3588.0,3564.0,16222029488,3564.0,2021-10-08,positive
2021-10-09,3628.0,3545.0,3560.0,3576.0,12707036942,3576.0,2021-10-09,negative
2021-10-10,3603.0,3415.0,3575.0,3426.0,16171746693,3426.0,2021-10-10,negative
2021-10-11,3622.0,3386.0,3420.0,3545.0,18579189588,3545.0,2021-10-11,positive
2021-10-12,3546.0,3407.0,3546.0,3493.0,18109578443,3493.0,2021-10-12,negative
2021-10-13,3608.0,3418.0,3493.0,3606.0,16211275589,3606.0,2021-10-13,positive
2021-10-14,3819.0,3590.0,3605.0,3786.0,19443499909,3786.0,2021-10-14,positive
2021-10-15,3895.0,3735.0,3790.0,3863.0,20966841512,3863.0,2021-10-15,positive
2021-10-16,3962.0,3806.0,3866.0,3830.0,16578095629,3830.0,2021-10-16,positive
2021-10-17,3915.0,3661.0,3830.0,3847.0,15908090346,3847.0,2021-10-17,negative
2021-10-18,3888.0,3687.0,3848.0,3749.0,17386204158,3749.0,2021-10-18,negative
2021-10-19,3884.0,3737.0,3747.0,3878.0,15998757133,3878.0,2021-10-19,negative
2021-10-20,4167.0,3833.0,3878.0,4156.0,20338319988,4156.0,2021-10-20,positive
2021-10-21,4366.0,4032.0,4162.0,4054.0,28220661820,4054.0,2021-10-21,positive
2021-10-22,4163.0,3908.0,4056.0,3970.0,19432937968,3970.0,2021-10-22,negative
2021-10-23,4172.0,3945.0,3971.0,4172.0,14781537792,4172.0,2021-10-23,positive
2021-10-24,4186.0,3967.0,4172.0,4088.0,14978083638,4088.0,2021-10-24,positive
2021-10-25,4237.0,4072.0,4084.0,4218.0,15995727040,4218.0,2021-10-25,positive
2021-10-26,4289.0,4107.0,4217.0,4131.0,17157714562,4131.0,2021-10-26,positive
2021-10-27,4299.0,3930.0,4132.0,3930.0,26219530404,3930.0,2021-10-27,positive
2021-10-28,4293.0,3906.0,3925.0,4287.0,25958154575,4287.0,2021-10-28,negative
2021-10-29,4456.0,4272.0,4289.0,4415.0,22967641914,4415.0,2021-10-29,positive
2021-10-30,4427.0,4252.0,4414.0,4326.0,14615490626,4326.0,2021-10-30,negative
2021-10-31,4394.0,4179.0,4323.0,4288.0,17498160238,4288.0,2021-10-31,negative
2021-11-01,4377.0,4161.0,4288.0,4325.0,17985288261,4325.0,2021-11-01,negative
2021-11-02,4600.0,4289.0,4323.0,4585.0,20794448222,4585.0,2021-11-02,positive
2021-11-03,4665.0,4463.0,4590.0,4607.0,21220463155,4607.0,2021-11-03,positive
2021-11-04,4607.0,4427.0,4605.0,4537.0,18415244464,4537.0,2021-11-04,negative
2021-11-05,4571.0,4447.0,4537.0,4486.0,15086003586,4486.0,2021-11-05,negative
2021-11-06,4531.0,4335.0,4483.0,4522.0,14429076700,4522.0,2021-11-06,negative
2021-11-07,4641.0,4511.0,4524.0,4621.0,13541376033,4621.0,2021-11-07,positive
2021-11-08,4822.0,4620.0,4620.0,4812.0,19290896267,4812.0,2021-11-08,positive
2021-11-09,4838.0,4718.0,4810.0,4735.0,20834172627,4735.0,2021-11-09,positive
2021-11-10,4860.0,4485.0,4733.0,4636.0,22748160545,4636.0,2021-11-10,positive
2021-11-11,4778.0,4581.0,4635.0,4730.0,17933201129,4730.0,2021-11-11,negative
2021-11-12,4809.0,4511.0,4724.0,4667.0,18316060208,4667.0,2021-11-12,positive
2021-11-13,4702.0,4582.0,4667.0,4651.0,14457436261,4651.0,2021-11-13,negative
2021-11-14,4690.0,4517.0,4649.0,4626.0,12172962219,4626.0,2021-11-14,negative
2021-11-15,4765.0,4547.0,4627.0,4558.0,16275851299,4558.0,2021-11-15,positive
2021-11-16,4892.0,4144.0,4570.0,4216.0,27417502801,4216.0,2021-11-16,positive
2021-11-17,4300.0,4107.0,4214.0,4288.0,22183461850,4288.0,2021-11-17,negative
2021-11-18,4344.0,3959.0,4288.0,4001.0,21383250893,4001.0,2021-11-18,positive
2021-11-19,4312.0,3983.0,3996.0,4298.0,20626269711,4298.0,2021-11-19,negative
2021-11-20,4434.0,4209.0,4298.0,4410.0,15448261277,4410.0,2021-11-20,positive
2021-11-21,4422.0,4255.0,4412.0,4270.0,14094831413,4270.0,2021-11-21,negative
2021-11-22,4302.0,4034.0,4267.0,4088.0,19752218877,4088.0,2021-11-22,negative
2021-11-23,4385.0,4070.0,4090.0,4341.0,22133497059,4341.0,2021-11-23,positive
2021-11-24,4377.0,4176.0,4340.0,4240.0,21838037128,4240.0,2021-11-24,negative
2021-11-25,4551.0,4250.0,4271.0,4275.0,18705358318,4275.0,2021-11-25,positive
2021-11-26,4551.0,3934.0,4522.0,4031.0,26281795488,4031.0,2021-11-26,neutral
2021-11-27,4188.0,4034.0,4043.0,4097.0,16515693874,4097.0,2021-11-27,negative
2021-11-28,4298.0,3990.0,4102.0,4294.0,15953126340,4294.0,2021-11-28,positive
2021-11-29,4461.0,4285.0,4297.0,4445.0,19086475837,4445.0,2021-11-29,positive
2021-11-30,4753.0,4358.0,4448.0,4631.0,28626354111,4631.0,2021-11-30,positive
2021-12-01,4781.0,4530.0,4624.0,4587.0,27634826695,4587.0,2021-12-01,positive
2021-12-02,4629.0,4442.0,4586.0,4511.0,21502671027,4511.0,2021-12-02,negative
2021-12-03,4647.0,4100.0,4514.0,4221.0,25879591528,4221.0,2021-12-03,positive
2021-12-04,4243.0,3525.0,4228.0,4120.0,38478999182,4120.0,2021-12-04,negative
2021-12-05,4247.0,4040.0,4120.0,4198.0,25533062707,4198.0,2021-12-05,positive
2021-12-06,4376.0,3931.0,4199.0,4359.0,28229518513,4359.0,2021-12-06,positive
2021-12-07,4429.0,4264.0,4359.0,4315.0,22366213354,4315.0,2021-12-07,positive
2021-12-08,4453.0,4235.0,4312.0,4439.0,18704315119,4439.0,2021-12-08,positive
2021-12-09,4482.0,4079.0,4433.0,4120.0,22296131874,4120.0,2021-12-09,positive
2021-12-10,4227.0,3898.0,4114.0,3908.0,28014595631,3908.0,2021-12-10,negative
2021-12-11,4096.0,3846.0,3910.0,4084.0,19131502454,4084.0,2021-12-11,negative
2021-12-12,4174.0,3993.0,4085.0,4134.0,14057603914,4134.0,2021-12-12,positive
2021-12-13,4146.0,3681.0,4136.0,3784.0,23999841386,3784.0,2021-12-13,negative
2021-12-14,3867.0,3700.0,3783.0,3745.0,23836759957,3745.0,2021-12-14,negative
2021-12-15,4086.0,3665.0,3862.0,4018.0,26411188833,4018.0,2021-12-15,positive
2021-12-16,4110.0,3956.0,4020.0,3962.0,19825531254,3962.0,2021-12-16,positive
2021-12-17,3993.0,3711.0,3959.0,3879.0,23143541098,3879.0,2021-12-17,negative
2021-12-18,3994.0,3775.0,3880.0,3961.0,19530895889,3961.0,2021-12-18,positive
2021-12-19,4019.0,3894.0,3961.0,3923.0,16167785597,3923.0,2021-12-19,positive
2021-12-20,3980.0,3759.0,3924.0,3934.0,21589690675,3934.0,2021-12-20,negative
2021-12-21,4059.0,3919.0,3938.0,4020.0,16388555198,4020.0,2021-12-21,positive
2021-12-22,4074.0,3948.0,4019.0,3982.0,13921756199,3982.0,2021-12-22,positive
2021-12-23,4149.0,3897.0,3982.0,4108.0,18007273742,4108.0,2021-12-23,positive
2021-12-24,4134.0,4029.0,4111.0,4048.0,12769090623,4048.0,2021-12-24,negative
2021-12-25,4139.0,4028.0,4050.0,4093.0,10894785525,4093.0,2021-12-25,positive
2021-12-26,4105.0,4013.0,4094.0,4067.0,11197244172,4067.0,2021-12-26,negative
2021-12-27,4126.0,4033.0,4065.0,4038.0,11424360002,4038.0,2021-12-27,positive
2021-12-28,4038.0,3769.0,4038.0,3801.0,17299472803,3801.0,2021-12-28,negative
2021-12-29,3828.0,3613.0,3797.0,3629.0,15722555672,3629.0,2021-12-29,negative
2021-12-30,3768.0,3595.0,3632.0,3714.0,12925377999,3714.0,2021-12-30,negative
2021-12-31,3807.0,3637.0,3713.0,3683.0,14157285268,3683.0,2021-12-31,positive
2022-01-01,3770.0,3682.0,3683.0,3770.0,9776191466,3770.0,2022-01-01,negative
2022-01-02,3836.0,3727.0,3769.0,3830.0,9881471548,3830.0,2022-01-02,positive
2022-01-03,3836.0,3698.0,3830.0,3761.0,12080777893,3761.0,2022-01-03,neutral
2022-01-04,3877.0,3723.0,3761.0,3794.0,14030925983,3794.0,2022-01-04,positive
2022-01-05,3842.0,3457.0,3794.0,3550.0,18061338502,3550.0,2022-01-05,negative
2022-01-06,3550.0,3335.0,3550.0,3418.0,24293791313,3418.0,2022-01-06,negative
2022-01-07,3420.0,3117.0,3418.0,3193.0,24494179209,3193.0,2022-01-07,negative
2022-01-08,3240.0,3021.0,3194.0,3092.0,16037732700,3092.0,2022-01-08,negative
2022-01-09,3207.0,3076.0,3092.0,3158.0,12334683863,3158.0,2022-01-09,negative
2022-01-10,3177.0,2948.0,3158.0,3083.0,19535744145,3083.0,2022-01-10,negative
2022-01-11,3248.0,3061.0,3083.0,3238.0,15211447193,3238.0,2022-01-11,positive
2022-01-12,3401.0,3217.0,3238.0,3372.0,16662871689,3372.0,2022-01-12,positive
2022-01-13,3397.0,3248.0,3372.0,3248.0,15294466275,3248.0,2022-01-13,negative
2022-01-14,3331.0,3204.0,3249.0,3310.0,13562957230,3310.0,2022-01-14,negative
2022-01-15,3365.0,3279.0,3310.0,3331.0,9619999078,3331.0,2022-01-15,positive
2022-01-16,3376.0,3292.0,3330.0,3351.0,9505934874,3351.0,2022-01-16,positive
2022-01-17,3356.0,3157.0,3351.0,3212.0,12344309617,3212.0,2022-01-17,negative
2022-01-18,3236.0,3096.0,3212.0,3164.0,13024154091,3164.0,2022-01-18,negative
2022-01-19,3171.0,3055.0,3164.0,3096.0,13187424144,3096.0,2022-01-19,negative
2022-01-20,3265.0,3001.0,3095.0,3001.0,10645922764,3001.0,2022-01-20,positive
2022-01-21,3029.0,2497.0,3003.0,2558.0,26796291874,2558.0,2022-01-21,negative
2022-01-22,2615.0,2330.0,2561.0,2405.0,27369692036,2405.0,2022-01-22,negative
2022-01-23,2542.0,2382.0,2407.0,2535.0,16481489511,2535.0,2022-01-23,negative
2022-01-24,2537.0,2172.0,2536.0,2440.0,28220804648,2440.0,2022-01-24,negative
2022-01-25,2499.0,2359.0,2440.0,2456.0,16179776932,2456.0,2022-01-25,negative
2022-01-26,2706.0,2418.0,2456.0,2468.0,21229909340,2468.0,2022-01-26,positive
2022-01-27,2510.0,2328.0,2467.0,2423.0,16126522783,2423.0,2022-01-27,negative
2022-01-28,2549.0,2368.0,2422.0,2547.0,14666227351,2547.0,2022-01-28,positive
2022-01-29,2628.0,2527.0,2547.0,2597.0,11172062661,2597.0,2022-01-29,positive
2022-01-30,2631.0,2550.0,2599.0,2603.0,9501221177,2603.0,2022-01-30,positive
2022-01-31,2698.0,2489.0,2603.0,2688.0,13778234614,2688.0,2022-01-31,positive
2022-02-01,2802.0,2683.0,2688.0,2792.0,13194846235,2792.0,2022-02-01,positive
2022-02-02,2802.0,2630.0,2792.0,2683.0,13876301217,2683.0,2022-02-02,neutral
2022-02-03,2712.0,2588.0,2682.0,2679.0,12755505065,2679.0,2022-02-03,negative
2022-02-04,2984.0,2675.0,2681.0,2984.0,18987223729,2984.0,2022-02-04,positive
2022-02-05,3054.0,2967.0,2984.0,3015.0,13102093957,3015.0,2022-02-05,positive
2022-02-06,3061.0,2965.0,3015.0,3057.0,9466018022,3057.0,2022-02-06,positive
2022-02-07,3183.0,3003.0,3057.0,3142.0,15197063785,3142.0,2022-02-07,positive
2022-02-08,3219.0,3038.0,3143.0,3123.0,17136080906,3123.0,2022-02-08,positive
2022-02-09,3263.0,3063.0,3121.0,3239.0,13951308490,3239.0,2022-02-09,positive
2022-02-10,3271.0,3070.0,3240.0,3077.0,18629485080,3077.0,2022-02-10,positive
2022-02-11,3127.0,2889.0,3077.0,2927.0,16043881065,2927.0,2022-02-11,negative
2022-02-12,2980.0,2870.0,2927.0,2917.0,11254355757,2917.0,2022-02-12,negative
2022-02-13,2948.0,2845.0,2917.0,2883.0,9054963563,2883.0,2022-02-13,negative
2022-02-14,2958.0,2840.0,2880.0,2933.0,12164552172,2933.0,2022-02-14,positive
2022-02-15,3186.0,2918.0,2934.0,3180.0,13921257873,3180.0,2022-02-15,positive
2022-02-16,3182.0,3055.0,3180.0,3128.0,12352406833,3128.0,2022-02-16,negative
2022-02-17,3155.0,2862.0,3127.0,2881.0,15860206214,2881.0,2022-02-17,negative
2022-02-18,2937.0,2762.0,2884.0,2786.0,15748173433,2786.0,2022-02-18,negative
2022-02-19,2826.0,2707.0,2785.0,2764.0,9774183169,2764.0,2022-02-19,negative
2022-02-20,2764.0,2586.0,2764.0,2629.0,11641437834,2629.0,2022-02-20,negative
2022-02-21,2752.0,2568.0,2628.0,2574.0,18646392740,2574.0,2022-02-21,negative
2022-02-22,2649.0,2511.0,2573.0,2639.0,16360200507,2639.0,2022-02-22,negative
2022-02-23,2741.0,2587.0,2639.0,2590.0,13382637240,2590.0,2022-02-23,positive
2022-02-24,2689.0,2309.0,2588.0,2598.0,29312342666,2598.0,2022-02-24,negative
2022-02-25,2822.0,2579.0,2598.0,2765.0,17208902048,2765.0,2022-02-25,positive
2022-02-26,2849.0,2745.0,2765.0,2781.0,11724648351,2781.0,2022-02-26,positive
2022-02-27,2831.0,2582.0,2781.0,2622.0,16150857254,2622.0,2022-02-27,negative
2022-02-28,2929.0,2586.0,2621.0,2919.0,19266124733,2919.0,2022-02-28,positive
2022-03-01,3030.0,2869.0,2920.0,2972.0,18757425786,2972.0,2022-03-01,positive
2022-03-02,3027.0,2920.0,2972.0,2950.0,16636517503,2950.0,2022-03-02,negative
2022-03-03,2965.0,2797.0,2950.0,2834.0,13091199728,2834.0,2022-03-03,negative
2022-03-04,2835.0,2588.0,2835.0,2617.0,14496939024,2617.0,2022-03-04,negative
2022-03-05,2679.0,2597.0,2618.0,2665.0,8072368396,2665.0,2022-03-05,negative
2022-03-06,2674.0,2555.0,2665.0,2555.0,8872976607,2555.0,2022-03-06,negative
2022-03-07,2640.0,2456.0,2555.0,2498.0,14594098731,2498.0,2022-03-07,negative
2022-03-08,2618.0,2490.0,2498.0,2577.0,13922922903,2577.0,2022-03-08,negative
2022-03-09,2762.0,2574.0,2577.0,2730.0,14173665398,2730.0,2022-03-09,positive
2022-03-10,2729.0,2566.0,2729.0,2608.0,13292477213,2608.0,2022-03-10,negative
2022-03-11,2665.0,2535.0,2608.0,2560.0,12382419582,2560.0,2022-03-11,negative
2022-03-12,2606.0,2559.0,2560.0,2575.0,6532996574,2575.0,2022-03-12,negative
2022-03-13,2595.0,2504.0,2573.0,2519.0,8632000379,2519.0,2022-03-13,negative
2022-03-14,2604.0,2505.0,2518.0,2591.0,11244398839,2591.0,2022-03-14,positive
2022-03-15,2662.0,2516.0,2591.0,2620.0,12861105614,2620.0,2022-03-15,positive
2022-03-16,2781.0,2611.0,2620.0,2772.0,17915109769,2772.0,2022-03-16,positive
2022-03-17,2826.0,2752.0,2772.0,2815.0,12685265194,2815.0,2022-03-17,positive
2022-03-18,2974.0,2775.0,2814.0,2945.0,15830879093,2945.0,2022-03-18,positive
2022-03-19,2980.0,2911.0,2945.0,2946.0,11576463120,2946.0,2022-03-19,positive
2022-03-20,2957.0,2826.0,2947.0,2860.0,12684727326,2860.0,2022-03-20,negative
2022-03-21,2955.0,2838.0,2860.0,2898.0,15206116098,2898.0,2022-03-21,negative
2022-03-22,3040.0,2893.0,2898.0,2973.0,16830539230,2973.0,2022-03-22,positive
2022-03-23,3037.0,2933.0,2973.0,3031.0,16008767658,3031.0,2022-03-23,negative
2022-03-24,3118.0,3012.0,3031.0,3108.0,18070503166,3108.0,2022-03-24,positive
2022-03-25,3184.0,3087.0,3108.0,3107.0,17030503831,3107.0,2022-03-25,positive
2022-03-26,3147.0,3092.0,3106.0,3143.0,8876420740,3143.0,2022-03-26,negative
2022-03-27,3292.0,3130.0,3144.0,3292.0,13431866834,3292.0,2022-03-27,positive
2022-03-28,3424.0,3279.0,3292.0,3337.0,20620450770,3337.0,2022-03-28,positive
2022-03-29,3470.0,3335.0,3335.0,3402.0,19533323636,3402.0,2022-03-29,positive
2022-03-30,3435.0,3349.0,3402.0,3385.0,15302506131,3385.0,2022-03-30,negative
2022-03-31,3435.0,3273.0,3385.0,3282.0,17685495686,3282.0,2022-03-31,neutral
2022-04-01,3468.0,3224.0,3283.0,3450.0,20982988937,3450.0,2022-04-01,positive
2022-04-02,3521.0,3442.0,3450.0,3445.0,23571556215,3445.0,2022-04-02,positive
2022-04-03,3574.0,3421.0,3445.0,3523.0,15333808649,3523.0,2022-04-03,positive
2022-04-04,3535.0,3422.0,3522.0,3521.0,18209969743,3521.0,2022-04-04,negative
2022-04-05,3547.0,3411.0,3521.0,3412.0,16681503199,3412.0,2022-04-05,positive
2022-04-06,3412.0,3171.0,3412.0,3172.0,25632563639,3172.0,2022-04-06,negative
2022-04-07,3263.0,3156.0,3172.0,3233.0,16745496605,3233.0,2022-04-07,negative
2022-04-08,3302.0,3179.0,3233.0,3192.0,17557050669,3192.0,2022-04-08,positive
2022-04-09,3262.0,3187.0,3192.0,3262.0,9908112156,3262.0,2022-04-09,negative
2022-04-10,3303.0,3212.0,3261.0,3212.0,10427054790,3212.0,2022-04-10,positive
2022-04-11,3214.0,2963.0,3210.0,2981.0,21891804831,2981.0,2022-04-11,negative
2022-04-12,3077.0,2958.0,2981.0,3030.0,20235707410,3030.0,2022-04-12,negative
2022-04-13,3124.0,3006.0,3030.0,3118.0,16088473629,3118.0,2022-04-13,positive
2022-04-14,3140.0,2988.0,3118.0,3020.0,15821419931,3020.0,2022-04-14,positive
2022-04-15,3044.0,3001.0,3020.0,3041.0,11256651536,3041.0,2022-04-15,negative
2022-04-16,3075.0,3016.0,3041.0,3062.0,8766710365,3062.0,2022-04-16,positive
2022-04-17,3076.0,2989.0,3062.0,2993.0,10463091281,2993.0,2022-04-17,positive
2022-04-18,3063.0,2894.0,2993.0,3058.0,18629381299,3058.0,2022-04-18,negative
2022-04-19,3125.0,3036.0,3058.0,3104.0,14156035096,3104.0,2022-04-19,positive
2022-04-20,3158.0,3045.0,3104.0,3078.0,15547362265,3078.0,2022-04-20,positive
2022-04-21,3173.0,2962.0,3078.0,2987.0,20783591093,2987.0,2022-04-21,positive
2022-04-22,3025.0,2942.0,2987.0,2965.0,16782795477,2965.0,2022-04-22,negative
2022-04-23,2975.0,2927.0,2965.0,2938.0,9116955609,2938.0,2022-04-23,negative
2022-04-24,2962.0,2922.0,2937.0,2923.0,9696829579,2923.0,2022-04-24,negative
2022-04-25,3018.0,2805.0,2923.0,3009.0,22332690614,3009.0,2022-04-25,positive
2022-04-26,3026.0,2786.0,3009.0,2808.0,19052045399,2808.0,2022-04-26,positive
2022-04-27,2912.0,2802.0,2809.0,2889.0,17419284041,2889.0,2022-04-27,negative
2022-04-28,2973.0,2862.0,2889.0,2937.0,18443524633,2937.0,2022-04-28,positive
2022-04-29,2943.0,2782.0,2937.0,2816.0,18771041399,2816.0,2022-04-29,negative
2022-04-30,2837.0,2727.0,2816.0,2730.0,13520941867,2730.0,2022-04-30,negative
2022-05-01,2839.0,2728.0,2730.0,2828.0,15332730152,2828.0,2022-05-01,positive
2022-05-02,2874.0,2786.0,2828.0,2857.0,18609741545,2857.0,2022-05-02,positive
2022-05-03,2859.0,2762.0,2857.0,2783.0,13026093219,2783.0,2022-05-03,negative
2022-05-04,2957.0,2779.0,2783.0,2941.0,18186749944,2941.0,2022-05-04,positive
2022-05-05,2949.0,2705.0,2940.0,2749.0,22642925048,2749.0,2022-05-05,negative
2022-05-06,2755.0,2645.0,2749.0,2695.0,21027599270,2695.0,2022-05-06,negative
2022-05-07,2697.0,2600.0,2695.0,2636.0,13369276367,2636.0,2022-05-07,negative
2022-05-08,2639.0,2498.0,2636.0,2517.0,20802269935,2517.0,2022-05-08,negative
2022-05-09,2528.0,2238.0,2519.0,2245.0,36333567678,2245.0,2022-05-09,negative
2022-05-10,2451.0,2207.0,2243.0,2344.0,38202099639,2344.0,2022-05-10,negative
2022-05-11,2441.0,2019.0,2343.0,2072.0,45743399154,2072.0,2022-05-11,negative
2022-05-12,2170.0,1748.0,2073.0,1962.0,42463486402,1962.0,2022-05-12,negative
2022-05-13,2140.0,1942.0,1960.0,2014.0,24816096567,2014.0,2022-05-13,negative
2022-05-14,2063.0,1957.0,2014.0,2056.0,15457044616,2056.0,2022-05-14,negative
2022-05-15,2147.0,2008.0,2056.0,2146.0,14846088335,2146.0,2022-05-15,positive
2022-05-16,2146.0,1989.0,2146.0,2023.0,21459552191,2023.0,2022-05-16,negative
2022-05-17,2113.0,2016.0,2023.0,2090.0,18509929297,2090.0,2022-05-17,negative
2022-05-18,2102.0,1917.0,2090.0,1917.0,17740965589,1917.0,2022-05-18,negative
2022-05-19,2028.0,1907.0,1916.0,2018.0,18734247914,2018.0,2022-05-19,negative
2022-05-20,2055.0,1927.0,2018.0,1961.0,15892482289,1961.0,2022-05-20,positive
2022-05-21,1985.0,1944.0,1961.0,1975.0,8546822406,1975.0,2022-05-21,negative
2022-05-22,2047.0,1966.0,1975.0,2043.0,10941123403,2043.0,2022-05-22,positive
2022-05-23,2080.0,1964.0,2042.0,1972.0,16434529708,1972.0,2022-05-23,positive
2022-05-24,1992.0,1921.0,1972.0,1979.0,13057109007,1979.0,2022-05-24,negative
2022-05-25,2014.0,1944.0,1979.0,1945.0,13364545730,1945.0,2022-05-25,positive
2022-05-26,1962.0,1759.0,1945.0,1804.0,23458681818,1804.0,2022-05-26,negative
2022-05-27,1815.0,1721.0,1803.0,1725.0,25470760032,1725.0,2022-05-27,negative
2022-05-28,1758.0,1725.0,1725.0,1758.0,23214777872,1758.0,2022-05-28,negative
2022-05-29,1819.0,1766.0,1792.0,1812.0,10642556101,1812.0,2022-05-29,positive
2022-05-30,2005.0,1804.0,1812.0,1996.0,19580808705,1996.0,2022-05-30,positive
2022-05-31,2005.0,1932.0,1996.0,1942.0,18363115560,1942.0,2022-05-31,neutral
2022-06-01,1965.0,1776.0,1942.0,1824.0,21037797760,1824.0,2022-06-01,negative
2022-06-02,1845.0,1790.0,1822.0,1834.0,17065041354,1834.0,2022-06-02,negative
2022-06-03,1840.0,1747.0,1834.0,1775.0,14878001811,1775.0,2022-06-03,negative
2022-06-04,1810.0,1752.0,1775.0,1802.0,8677951273,1802.0,2022-06-04,negative
2022-06-05,1826.0,1777.0,1802.0,1805.0,8850385937,1805.0,2022-06-05,positive
2022-06-06,1915.0,1805.0,1806.0,1859.0,16518471852,1859.0,2022-06-06,positive
2022-06-07,1863.0,1729.0,1859.0,1814.0,24020076750,1814.0,2022-06-07,negative
2022-06-08,1831.0,1770.0,1814.0,1794.0,18041476023,1794.0,2022-06-08,negative
2022-06-09,1827.0,1780.0,1794.0,1790.0,12013083393,1790.0,2022-06-09,negative
2022-06-10,1798.0,1663.0,1790.0,1665.0,18504740451,1665.0,2022-06-10,negative
2022-06-11,1679.0,1507.0,1665.0,1530.0,21127089064,1530.0,2022-06-11,negative
2022-06-12,1540.0,1436.0,1530.0,1445.0,23465074882,1445.0,2022-06-12,negative
2022-06-13,1449.0,1182.0,1444.0,1205.0,45162788786,1205.0,2022-06-13,negative
2022-06-14,1252.0,1095.0,1205.0,1212.0,33327826525,1212.0,2022-06-14,negative
2022-06-15,1237.0,1026.0,1211.0,1233.0,37539999450,1233.0,2022-06-15,negative
2022-06-16,1246.0,1059.0,1234.0,1068.0,18907671369,1068.0,2022-06-16,positive
2022-06-17,1112.0,1061.0,1068.0,1087.0,14591486540,1087.0,2022-06-17,negative
2022-06-18,1095.0,896.0,1086.0,994.0,21655406608,994.0,2022-06-18,negative
2022-06-19,1142.0,943.0,993.0,1128.0,21795481981,1128.0,2022-06-19,positive
2022-06-20,1160.0,1066.0,1128.0,1128.0,19739691429,1128.0,2022-06-20,positive
2022-06-21,1185.0,1113.0,1128.0,1125.0,15632089439,1125.0,2022-06-21,positive
2022-06-22,1126.0,1050.0,1125.0,1051.0,15010593493,1051.0,2022-06-22,negative
2022-06-23,1146.0,1050.0,1051.0,1143.0,14657862919,1143.0,2022-06-23,positive
2022-06-24,1239.0,1135.0,1143.0,1227.0,16981552654,1227.0,2022-06-24,positive
2022-06-25,1246.0,1185.0,1227.0,1243.0,12481946184,1243.0,2022-06-25,positive
2022-06-26,1272.0,1199.0,1243.0,1200.0,12096607824,1200.0,2022-06-26,positive
2022-06-27,1234.0,1180.0,1200.0,1194.0,12492225250,1194.0,2022-06-27,negative
2022-06-28,1230.0,1141.0,1193.0,1145.0,14023205651,1145.0,2022-06-28,negative
2022-06-29,1153.0,1092.0,1145.0,1099.0,15386286815,1099.0,2022-06-29,negative
2022-06-30,1104.0,1009.0,1099.0,1067.0,16350755497,1067.0,2022-06-30,negative
2022-07-01,1100.0,1040.0,1068.0,1060.0,17499453625,1060.0,2022-07-01,negative
2022-07-02,1073.0,1034.0,1060.0,1067.0,9935603640,1067.0,2022-07-02,negative
2022-07-03,1083.0,1044.0,1066.0,1074.0,8557248150,1074.0,2022-07-03,positive
2022-07-04,1153.0,1048.0,1074.0,1151.0,13670889311,1151.0,2022-07-04,positive
2022-07-05,1166.0,1087.0,1151.0,1135.0,16195518291,1135.0,2022-07-05,positive
2022-07-06,1194.0,1116.0,1135.0,1187.0,15373536703,1187.0,2022-07-06,positive
2022-07-07,1247.0,1166.0,1187.0,1238.0,14230795894,1238.0,2022-07-07,positive
2022-07-08,1263.0,1201.0,1238.0,1223.0,16315929082,1223.0,2022-07-08,positive
2022-07-09,1229.0,1209.0,1222.0,1217.0,8821353104,1217.0,2022-07-09,negative
2022-07-10,1217.0,1157.0,1217.0,1168.0,10984558039,1168.0,2022-07-10,negative
2022-07-11,1169.0,1095.0,1168.0,1097.0,12064180410,1097.0,2022-07-11,negative
2022-07-12,1097.0,1038.0,1097.0,1038.0,12583282453,1038.0,2022-07-12,negative
2022-07-13,1114.0,1019.0,1038.0,1114.0,18302588147,1114.0,2022-07-13,positive
2022-07-14,1203.0,1077.0,1114.0,1192.0,16688640823,1192.0,2022-07-14,positive
2022-07-15,1276.0,1183.0,1192.0,1233.0,17411448225,1233.0,2022-07-15,positive
2022-07-16,1378.0,1196.0,1233.0,1353.0,18364013796,1353.0,2022-07-16,positive
2022-07-17,1378.0,1330.0,1353.0,1339.0,16079711737,1339.0,2022-07-17,neutral
2022-07-18,1579.0,1339.0,1339.0,1579.0,27440420623,1579.0,2022-07-18,positive
2022-07-19,1607.0,1502.0,1578.0,1543.0,27753529276,1543.0,2022-07-19,positive
2022-07-20,1613.0,1501.0,1543.0,1520.0,22942708340,1520.0,2022-07-20,positive
2022-07-21,1596.0,1472.0,1520.0,1577.0,20009556587,1577.0,2022-07-21,negative
2022-07-22,1641.0,1524.0,1577.0,1537.0,18926100582,1537.0,2022-07-22,positive
2022-07-23,1592.0,1496.0,1536.0,1549.0,14998811383,1549.0,2022-07-23,negative
2022-07-24,1654.0,1549.0,1549.0,1599.0,17217849557,1599.0,2022-07-24,positive
2022-07-25,1605.0,1445.0,1599.0,1445.0,20585056021,1445.0,2022-07-25,negative
2022-07-26,1445.0,1363.0,1445.0,1442.0,18238563509,1442.0,2022-07-26,negative
2022-07-27,1637.0,1424.0,1444.0,1636.0,23007524016,1636.0,2022-07-27,positive
2022-07-28,1775.0,1605.0,1636.0,1725.0,27231399966,1725.0,2022-07-28,positive
2022-07-29,1760.0,1663.0,1726.0,1727.0,23249531113,1727.0,2022-07-29,negative
2022-07-30,1738.0,1678.0,1727.0,1696.0,15576977870,1696.0,2022-07-30,negative
2022-07-31,1746.0,1673.0,1696.0,1682.0,14200735370,1682.0,2022-07-31,positive
2022-08-01,1700.0,1613.0,1681.0,1635.0,16191371176,1635.0,2022-08-01,negative
2022-08-02,1673.0,1568.0,1635.0,1633.0,20426082309,1633.0,2022-08-02,negative
2022-08-03,1678.0,1596.0,1633.0,1619.0,16786218830,1619.0,2022-08-03,positive
2022-08-04,1659.0,1585.0,1619.0,1608.0,14467440626,1608.0,2022-08-04,negative
2022-08-05,1732.0,1606.0,1608.0,1732.0,18546491876,1732.0,2022-08-05,positive
2022-08-06,1744.0,1692.0,1733.0,1692.0,11757911705,1692.0,2022-08-06,positive
2022-08-07,1725.0,1673.0,1692.0,1699.0,10252090340,1699.0,2022-08-07,negative
2022-08-08,1807.0,1697.0,1700.0,1776.0,16841424404,1776.0,2022-08-08,positive
2022-08-09,1786.0,1676.0,1776.0,1703.0,16368619692,1703.0,2022-08-09,negative
2022-08-10,1869.0,1665.0,1703.0,1852.0,23512477984,1852.0,2022-08-10,positive
2022-08-11,1928.0,1852.0,1852.0,1881.0,23826986482,1881.0,2022-08-11,positive
2022-08-12,1958.0,1860.0,1881.0,1957.0,17168141904,1957.0,2022-08-12,positive
2022-08-13,2014.0,1949.0,1957.0,1981.0,16038975216,1981.0,2022-08-13,positive
2022-08-14,2023.0,1919.0,1982.0,1937.0,14062754456,1937.0,2022-08-14,positive
2022-08-15,2007.0,1882.0,1937.0,1904.0,20349931313,1904.0,2022-08-15,negative
2022-08-16,1911.0,1862.0,1903.0,1878.0,15637578930,1878.0,2022-08-16,negative
2022-08-17,1952.0,1824.0,1878.0,1833.0,20308508124,1833.0,2022-08-17,positive
2022-08-18,1876.0,1827.0,1834.0,1847.0,14999352229,1847.0,2022-08-18,negative
2022-08-19,1847.0,1611.0,1847.0,1613.0,25906358731,1613.0,2022-08-19,negative
2022-08-20,1652.0,1534.0,1613.0,1577.0,18334580263,1577.0,2022-08-20,negative
2022-08-21,1641.0,1569.0,1577.0,1619.0,15849221752,1619.0,2022-08-21,negative
2022-08-22,1623.0,1535.0,1619.0,1623.0,18557078599,1623.0,2022-08-22,negative
2022-08-23,1667.0,1569.0,1623.0,1663.0,18322041914,1663.0,2022-08-23,positive
2022-08-24,1687.0,1610.0,1663.0,1657.0,16780932907,1657.0,2022-08-24,positive
2022-08-25,1718.0,1657.0,1657.0,1696.0,14818795695,1696.0,2022-08-25,positive
2022-08-26,1699.0,1499.0,1696.0,1508.0,26713710143,1508.0,2022-08-26,negative
2022-08-27,1517.0,1454.0,1508.0,1491.0,18120831899,1491.0,2022-08-27,negative
2022-08-28,1506.0,1431.0,1491.0,1431.0,12823572918,1431.0,2022-08-28,negative
2022-08-29,1556.0,1428.0,1430.0,1553.0,17965837488,1553.0,2022-08-29,positive
2022-08-30,1600.0,1481.0,1553.0,1524.0,21835784470,1524.0,2022-08-30,positive
2022-08-31,1612.0,1524.0,1524.0,1554.0,20591680941,1554.0,2022-08-31,positive
2022-09-01,1593.0,1520.0,1554.0,1586.0,16434276817,1586.0,2022-09-01,negative
2022-09-02,1643.0,1552.0,1586.0,1577.0,17708478709,1577.0,2022-09-02,positive
2022-09-03,1579.0,1542.0,1577.0,1557.0,9516825994,1557.0,2022-09-03,negative
2022-09-04,1578.0,1544.0,1557.0,1578.0,8884144998,1578.0,2022-09-04,negative
2022-09-05,1622.0,1560.0,1578.0,1617.0,13060541168,1617.0,2022-09-05,positive
2022-09-06,1681.0,1562.0,1617.0,1562.0,22946059125,1562.0,2022-09-06,positive
2022-09-07,1651.0,1500.0,1561.0,1630.0,19560363854,1630.0,2022-09-07,negative
2022-09-08,1655.0,1603.0,1630.0,1635.0,17621046717,1635.0,2022-09-08,positive
2022-09-09,1736.0,1633.0,1635.0,1719.0,20242323690,1719.0,2022-09-09,positive
2022-09-10,1784.0,1710.0,1719.0,1776.0,13130928217,1776.0,2022-09-10,positive
2022-09-11,1783.0,1730.0,1776.0,1762.0,12464301922,1762.0,2022-09-11,negative
2022-09-12,1778.0,1698.0,1762.0,1714.0,17688391310,1714.0,2022-09-12,negative
2022-09-13,1746.0,1564.0,1714.0,1581.0,23066821734,1581.0,2022-09-13,negative
2022-09-14,1642.0,1564.0,1575.0,1635.0,17897150206,1635.0,2022-09-14,negative
2022-09-15,1649.0,1466.0,1635.0,1472.0,26946275878,1472.0,2022-09-15,positive
2022-09-16,1481.0,1416.0,1472.0,1432.0,16764804299,1432.0,2022-09-16,negative
2022-09-17,1473.0,1415.0,1433.0,1470.0,10798098671,1470.0,2022-09-17,negative
2022-09-18,1470.0,1331.0,1470.0,1335.0,15762284723,1335.0,2022-09-18,negative
2022-09-19,1388.0,1287.0,1335.0,1378.0,18712714223,1378.0,2022-09-19,negative
2022-09-20,1382.0,1319.0,1378.0,1324.0,14722317220,1324.0,2022-09-20,negative
2022-09-21,1384.0,1229.0,1324.0,1253.0,20643507800,1253.0,2022-09-21,positive
2022-09-22,1336.0,1241.0,1252.0,1328.0,18461527259,1328.0,2022-09-22,negative
2022-09-23,1353.0,1270.0,1327.0,1328.0,18771106339,1328.0,2022-09-23,positive
2022-09-24,1346.0,1313.0,1328.0,1318.0,12098209717,1318.0,2022-09-24,negative
2022-09-25,1333.0,1276.0,1318.0,1294.0,11802651633,1294.0,2022-09-25,negative
2022-09-26,1336.0,1282.0,1294.0,1335.0,16034549271,1335.0,2022-09-26,positive
2022-09-27,1397.0,1309.0,1335.0,1330.0,17870598937,1330.0,2022-09-27,positive
2022-09-28,1352.0,1268.0,1330.0,1337.0,18994979566,1337.0,2022-09-28,negative
2022-09-29,1348.0,1293.0,1338.0,1336.0,13796915736,1336.0,2022-09-29,negative
2022-09-30,1369.0,1320.0,1336.0,1328.0,14250100093,1328.0,2022-09-30,positive
2022-10-01,1333.0,1306.0,1328.0,1312.0,6227961237,1312.0,2022-10-01,negative
2022-10-02,1316.0,1275.0,1312.0,1276.0,7578351650,1276.0,2022-10-02,negative
2022-10-03,1327.0,1271.0,1276.0,1323.0,10153070907,1323.0,2022-10-03,positive
2022-10-04,1365.0,1320.0,1323.0,1362.0,10139774963,1362.0,2022-10-04,positive
2022-10-05,1362.0,1321.0,1362.0,1353.0,9774451820,1353.0,2022-10-05,negative
2022-10-06,1380.0,1349.0,1353.0,1352.0,12033514861,1352.0,2022-10-06,positive
2022-10-07,1359.0,1322.0,1352.0,1333.0,10061619355,1333.0,2022-10-07,negative
2022-10-08,1336.0,1307.0,1332.0,1316.0,5804676208,1316.0,2022-10-08,negative
2022-10-09,1328.0,1309.0,1315.0,1323.0,5486230123,1323.0,2022-10-09,negative
2022-10-10,1336.0,1291.0,1323.0,1291.0,8794491050,1291.0,2022-10-10,positive
2022-10-11,1296.0,1273.0,1291.0,1280.0,9274845260,1280.0,2022-10-11,negative
2022-10-12,1303.0,1278.0,1280.0,1295.0,8355638578,1295.0,2022-10-12,positive
2022-10-13,1298.0,1209.0,1295.0,1288.0,17499038202,1288.0,2022-10-13,negative
2022-10-14,1340.0,1285.0,1288.0,1297.0,13113767755,1297.0,2022-10-14,positive
2022-10-15,1301.0,1268.0,1297.0,1275.0,6798512624,1275.0,2022-10-15,negative
2022-10-16,1313.0,1275.0,1275.0,1306.0,7491625206,1306.0,2022-10-16,positive
2022-10-17,1336.0,1297.0,1306.0,1332.0,9401189650,1332.0,2022-10-17,positive
2022-10-18,1339.0,1292.0,1332.0,1310.0,10416747806,1310.0,2022-10-18,positive
2022-10-19,1312.0,1284.0,1311.0,1286.0,8350692785,1286.0,2022-10-19,negative
2022-10-20,1308.0,1275.0,1286.0,1283.0,9009111996,1283.0,2022-10-20,negative
2022-10-21,1305.0,1261.0,1283.0,1300.0,10412565245,1300.0,2022-10-21,negative
2022-10-22,1317.0,1296.0,1300.0,1314.0,7175324564,1314.0,2022-10-22,positive
2022-10-23,1368.0,1303.0,1314.0,1363.0,9909510925,1363.0,2022-10-23,positive
2022-10-24,1368.0,1328.0,1363.0,1345.0,13092820173,1345.0,2022-10-24,neutral
2022-10-25,1510.0,1337.0,1345.0,1462.0,25367291294,1462.0,2022-10-25,positive
2022-10-26,1585.0,1460.0,1461.0,1567.0,32705548427,1567.0,2022-10-26,positive
2022-10-27,1574.0,1511.0,1567.0,1514.0,22813499245,1514.0,2022-10-27,negative
2022-10-28,1569.0,1494.0,1514.0,1555.0,19974623205,1555.0,2022-10-28,negative
2022-10-29,1652.0,1550.0,1555.0,1620.0,21618154775,1620.0,2022-10-29,positive
2022-10-30,1637.0,1579.0,1620.0,1591.0,13930073427,1591.0,2022-10-30,negative
2022-10-31,1630.0,1556.0,1590.0,1573.0,19306919714,1573.0,2022-10-31,negative
2022-11-01,1607.0,1568.0,1573.0,1580.0,14507311208,1580.0,2022-11-01,negative
2022-11-02,1613.0,1507.0,1579.0,1520.0,23254218281,1520.0,2022-11-02,positive
2022-11-03,1557.0,1517.0,1520.0,1532.0,14248351007,1532.0,2022-11-03,negative
2022-11-04,1661.0,1529.0,1531.0,1645.0,20806964347,1645.0,2022-11-04,positive
2022-11-05,1660.0,1626.0,1645.0,1628.0,11006973190,1628.0,2022-11-05,negative
2022-11-06,1634.0,1572.0,1628.0,1572.0,11632744705,1572.0,2022-11-06,negative
2022-11-07,1604.0,1550.0,1572.0,1569.0,15279963349,1569.0,2022-11-07,negative
2022-11-08,1575.0,1259.0,1568.0,1333.0,42048003440,1333.0,2022-11-08,negative
2022-11-09,1336.0,1083.0,1333.0,1100.0,38864492427,1100.0,2022-11-09,negative
2022-11-10,1342.0,1093.0,1100.0,1299.0,28581002122,1299.0,2022-11-10,positive
2022-11-11,1302.0,1211.0,1299.0,1287.0,20920539099,1287.0,2022-11-11,negative
2022-11-12,1288.0,1242.0,1287.0,1255.0,10964962767,1255.0,2022-11-12,negative
2022-11-13,1272.0,1209.0,1255.0,1222.0,10717455214,1222.0,2022-11-13,negative
2022-11-14,1284.0,1178.0,1222.0,1242.0,15028035663,1242.0,2022-11-14,positive
2022-11-15,1283.0,1239.0,1242.0,1252.0,11798011594,1252.0,2022-11-15,negative
2022-11-16,1264.0,1193.0,1252.0,1216.0,11939561598,1216.0,2022-11-16,negative
2022-11-17,1225.0,1189.0,1216.0,1201.0,9723646871,1201.0,2022-11-17,negative
2022-11-18,1227.0,1201.0,1201.0,1212.0,7979913378,1212.0,2022-11-18,positive
2022-11-19,1228.0,1200.0,1212.0,1218.0,5978745776,1218.0,2022-11-19,positive
2022-11-20,1224.0,1138.0,1218.0,1142.0,9651002684,1142.0,2022-11-20,negative
2022-11-21,1142.0,1085.0,1142.0,1108.0,14080099208,1108.0,2022-11-21,negative
2022-11-22,1136.0,1081.0,1108.0,1135.0,12040670755,1135.0,2022-11-22,negative
2022-11-23,1185.0,1130.0,1135.0,1183.0,11242676044,1183.0,2022-11-23,positive
2022-11-24,1212.0,1180.0,1183.0,1204.0,9706372376,1204.0,2022-11-24,positive
2022-11-25,1204.0,1175.0,1204.0,1199.0,5483308196,1199.0,2022-11-25,negative
2022-11-26,1227.0,1198.0,1199.0,1206.0,5074160558,1206.0,2022-11-26,positive
2022-11-27,1220.0,1195.0,1206.0,1195.0,4486976868,1195.0,2022-11-27,negative
2022-11-28,1199.0,1156.0,1195.0,1170.0,7275411870,1170.0,2022-11-28,negative
2022-11-29,1222.0,1163.0,1170.0,1217.0,7639405818,1217.0,2022-11-29,positive
2022-11-30,1302.0,1215.0,1217.0,1296.0,9836925304,1296.0,2022-11-30,positive
2022-12-01,1296.0,1268.0,1296.0,1276.0,6857935276,1276.0,2022-12-01,negative
2022-12-02,1294.0,1269.0,1276.0,1294.0,6213645709,1294.0,2022-12-02,negative
2022-12-03,1300.0,1241.0,1294.0,1243.0,5672609405,1243.0,2022-12-03,positive
2022-12-04,1281.0,1243.0,1243.0,1280.0,5174128454,1280.0,2022-12-04,negative
2022-12-05,1302.0,1252.0,1280.0,1260.0,6120359523,1260.0,2022-12-05,positive
2022-12-06,1272.0,1248.0,1260.0,1272.0,5089212680,1272.0,2022-12-06,negative
2022-12-07,1273.0,1224.0,1272.0,1232.0,5752205180,1232.0,2022-12-07,positive
2022-12-08,1286.0,1226.0,1232.0,1281.0,6227269815,1281.0,2022-12-08,positive
2022-12-09,1290.0,1261.0,1281.0,1264.0,5706183865,1264.0,2022-12-09,positive
2022-12-10,1280.0,1262.0,1264.0,1266.0,3282499999,1266.0,2022-12-10,negative
2022-12-11,1282.0,1261.0,1266.0,1264.0,3362005848,1264.0,2022-12-11,positive
2022-12-12,1276.0,1243.0,1264.0,1275.0,5151109364,1275.0,2022-12-12,negative
2022-12-13,1341.0,1258.0,1275.0,1321.0,8812883119,1321.0,2022-12-13,positive
2022-12-14,1346.0,1306.0,1321.0,1309.0,7830915428,1309.0,2022-12-14,positive
2022-12-15,1311.0,1263.0,1309.0,1266.0,6032859783,1266.0,2022-12-15,negative
2022-12-16,1278.0,1162.0,1266.0,1168.0,9297811507,1168.0,2022-12-16,negative
2022-12-17,1189.0,1165.0,1168.0,1188.0,5077258586,1188.0,2022-12-17,negative
2022-12-18,1194.0,1176.0,1188.0,1185.0,3350092519,1185.0,2022-12-18,positive
2022-12-19,1193.0,1160.0,1185.0,1168.0,4943628091,1168.0,2022-12-19,negative
2022-12-20,1224.0,1166.0,1168.0,1218.0,6684951715,1218.0,2022-12-20,positive
2022-12-21,1218.0,1206.0,1218.0,1214.0,4217182733,1214.0,2022-12-21,negative
2022-12-22,1222.0,1187.0,1214.0,1218.0,5297471739,1218.0,2022-12-22,positive
2022-12-23,1227.0,1216.0,1218.0,1220.0,4835831923,1220.0,2022-12-23,positive
2022-12-24,1225.0,1216.0,1220.0,1221.0,2626153345,1221.0,2022-12-24,negative
2022-12-25,1224.0,1204.0,1221.0,1219.0,3942720070,1219.0,2022-12-25,negative
2022-12-26,1227.0,1214.0,1219.0,1227.0,3282098400,1227.0,2022-12-26,positive
2022-12-27,1230.0,1206.0,1227.0,1213.0,4091530737,1213.0,2022-12-27,positive
2022-12-28,1213.0,1186.0,1213.0,1190.0,4991669631,1190.0,2022-12-28,negative
2022-12-29,1204.0,1188.0,1190.0,1202.0,4132233940,1202.0,2022-12-29,negative
2022-12-30,1202.0,1187.0,1202.0,1199.0,4055668253,1199.0,2022-12-30,negative
2022-12-31,1205.0,1194.0,1199.0,1197.0,3018513333,1197.0,2022-12-31,positive
2023-01-01,1203.0,1193.0,1197.0,1201.0,2399674550,1201.0,2023-01-01,negative
2023-01-02,1220.0,1195.0,1201.0,1215.0,3765758498,1215.0,2023-01-02,positive
2023-01-03,1219.0,1207.0,1215.0,1215.0,3392972131,1215.0,2023-01-03,negative
2023-01-04,1265.0,1213.0,1215.0,1257.0,6404416893,1257.0,2023-01-04,positive
2023-01-05,1259.0,1245.0,1256.0,1250.0,4001786456,1250.0,2023-01-05,negative
2023-01-06,1273.0,1241.0,1250.0,1269.0,4977252792,1269.0,2023-01-06,positive
2023-01-07,1271.0,1262.0,1269.0,1264.0,2565213548,1264.0,2023-01-07,negative
2023-01-08,1287.0,1260.0,1264.0,1287.0,3495088905,1287.0,2023-01-08,positive
2023-01-09,1342.0,1287.0,1287.0,1322.0,7990438824,1322.0,2023-01-09,positive
2023-01-10,1343.0,1319.0,1321.0,1337.0,5830173253,1337.0,2023-01-10,positive
2023-01-11,1388.0,1324.0,1336.0,1388.0,6314904311,1388.0,2023-01-11,positive
2023-01-12,1432.0,1378.0,1405.0,1418.0,12230193038,1418.0,2023-01-12,positive
2023-01-13,1462.0,1404.0,1418.0,1452.0,7684148212,1452.0,2023-01-13,positive
2023-01-14,1564.0,1451.0,1451.0,1551.0,15444626014,1551.0,2023-01-14,positive
2023-01-15,1557.0,1521.0,1551.0,1552.0,6774614499,1552.0,2023-01-15,negative
2023-01-16,1594.0,1530.0,1553.0,1577.0,8454485431,1577.0,2023-01-16,positive
2023-01-17,1594.0,1553.0,1577.0,1568.0,7599462786,1568.0,2023-01-17,neutral
2023-01-18,1602.0,1509.0,1568.0,1516.0,10354880595,1516.0,2023-01-18,positive
2023-01-19,1558.0,1514.0,1515.0,1553.0,6432638856,1553.0,2023-01-19,negative
2023-01-20,1660.0,1545.0,1552.0,1660.0,8528894754,1660.0,2023-01-20,positive
2023-01-21,1674.0,1627.0,1660.0,1627.0,8859250310,1627.0,2023-01-21,positive
2023-01-22,1658.0,1612.0,1627.0,1628.0,7517988734,1628.0,2023-01-22,negative
2023-01-23,1641.0,1608.0,1629.0,1628.0,8264507375,1628.0,2023-01-23,negative
2023-01-24,1640.0,1551.0,1628.0,1557.0,8180274691,1557.0,2023-01-24,negative
2023-01-25,1632.0,1531.0,1557.0,1612.0,10598973448,1612.0,2023-01-25,negative
2023-01-26,1626.0,1587.0,1611.0,1603.0,8395315241,1603.0,2023-01-26,negative
2023-01-27,1617.0,1565.0,1603.0,1598.0,8124465373,1598.0,2023-01-27,negative
2023-01-28,1605.0,1565.0,1598.0,1572.0,5803653357,1572.0,2023-01-28,negative
2023-01-29,1654.0,1569.0,1573.0,1646.0,8801292300,1646.0,2023-01-29,positive
2023-01-30,1647.0,1547.0,1646.0,1567.0,9180418120,1567.0,2023-01-30,negative
2023-01-31,1599.0,1564.0,1567.0,1587.0,6585191019,1587.0,2023-01-31,negative
2023-02-01,1645.0,1567.0,1586.0,1642.0,8116969489,1642.0,2023-02-01,positive
2023-02-02,1704.0,1641.0,1641.0,1643.0,10558081069,1643.0,2023-02-02,positive
2023-02-03,1671.0,1634.0,1643.0,1665.0,8169519805,1665.0,2023-02-03,negative
2023-02-04,1690.0,1648.0,1664.0,1667.0,5843302512,1667.0,2023-02-04,positive
2023-02-05,1672.0,1616.0,1667.0,1632.0,6926696531,1632.0,2023-02-05,negative
2023-02-06,1654.0,1611.0,1632.0,1616.0,6919871886,1616.0,2023-02-06,negative
2023-02-07,1674.0,1615.0,1616.0,1672.0,8030277434,1672.0,2023-02-07,positive
2023-02-08,1689.0,1635.0,1672.0,1651.0,7806089579,1651.0,2023-02-08,positive
2023-02-09,1655.0,1537.0,1651.0,1546.0,10524969124,1546.0,2023-02-09,negative
2023-02-10,1553.0,1505.0,1547.0,1515.0,8397387897,1515.0,2023-02-10,negative
2023-02-11,1541.0,1510.0,1515.0,1540.0,5064007416,1540.0,2023-02-11,negative
2023-02-12,1546.0,1501.0,1540.0,1515.0,5319698775,1515.0,2023-02-12,positive
2023-02-13,1525.0,1470.0,1515.0,1507.0,9363855114,1507.0,2023-02-13,negative
2023-02-14,1562.0,1497.0,1507.0,1557.0,9249575045,1557.0,2023-02-14,positive
2023-02-15,1674.0,1546.0,1557.0,1674.0,10015035156,1674.0,2023-02-15,positive
2023-02-16,1733.0,1638.0,1674.0,1640.0,12704861676,1640.0,2023-02-16,positive
2023-02-17,1717.0,1636.0,1640.0,1695.0,9802443159,1695.0,2023-02-17,negative
2023-02-18,1705.0,1684.0,1695.0,1692.0,5491437195,1692.0,2023-02-18,negative
2023-02-19,1719.0,1674.0,1692.0,1681.0,6959144003,1681.0,2023-02-19,positive
2023-02-20,1716.0,1659.0,1682.0,1703.0,7703604237,1703.0,2023-02-20,negative
2023-02-21,1714.0,1642.0,1703.0,1658.0,8721608198,1658.0,2023-02-21,negative
2023-02-22,1664.0,1605.0,1658.0,1643.0,9189387004,1643.0,2023-02-22,negative
2023-02-23,1675.0,1633.0,1643.0,1651.0,9013236167,1651.0,2023-02-23,positive
2023-02-24,1661.0,1583.0,1651.0,1608.0,8909129423,1608.0,2023-02-24,negative
2023-02-25,1609.0,1568.0,1609.0,1595.0,5657686235,1595.0,2023-02-25,negative
2023-02-26,1645.0,1590.0,1595.0,1641.0,5727967432,1641.0,2023-02-26,positive
2023-02-27,1663.0,1615.0,1641.0,1634.0,7239824677,1634.0,2023-02-27,positive
2023-02-28,1644.0,1602.0,1635.0,1606.0,6323676957,1606.0,2023-02-28,negative
2023-03-01,1663.0,1602.0,1606.0,1663.0,7701847224,1663.0,2023-03-01,positive
2023-03-02,1672.0,1623.0,1664.0,1647.0,7080950926,1647.0,2023-03-02,positive
2023-03-03,1648.0,1552.0,1648.0,1569.0,9922240199,1569.0,2023-03-03,negative
2023-03-04,1576.0,1552.0,1569.0,1567.0,4389045367,1567.0,2023-03-04,negative
2023-03-05,1584.0,1560.0,1567.0,1564.0,5020886238,1564.0,2023-03-05,positive
2023-03-06,1579.0,1557.0,1564.0,1567.0,5245153345,1567.0,2023-03-06,negative
2023-03-07,1579.0,1543.0,1567.0,1562.0,6854058349,1562.0,2023-03-07,neutral
2023-03-08,1568.0,1534.0,1562.0,1534.0,7130327525,1534.0,2023-03-08,negative
2023-03-09,1544.0,1423.0,1534.0,1439.0,9457897583,1439.0,2023-03-09,negative
2023-03-10,1439.0,1379.0,1439.0,1429.0,12665194936,1429.0,2023-03-10,negative
2023-03-11,1484.0,1429.0,1429.0,1483.0,14917080154,1483.0,2023-03-11,positive
2023-03-12,1607.0,1462.0,1482.0,1590.0,11480965122,1590.0,2023-03-12,positive
2023-03-13,1700.0,1572.0,1591.0,1680.0,15711468959,1680.0,2023-03-13,positive
2023-03-14,1780.0,1666.0,1680.0,1704.0,16159781303,1704.0,2023-03-14,positive
2023-03-15,1721.0,1617.0,1705.0,1656.0,12715339905,1656.0,2023-03-15,negative
2023-03-16,1693.0,1639.0,1656.0,1677.0,9364980166,1677.0,2023-03-16,negative
2023-03-17,1799.0,1667.0,1677.0,1792.0,12467445117,1792.0,2023-03-17,positive
2023-03-18,1840.0,1751.0,1794.0,1762.0,10317822213,1762.0,2023-03-18,positive
2023-03-19,1844.0,1763.0,1763.0,1786.0,9170565472,1786.0,2023-03-19,positive
2023-03-20,1808.0,1728.0,1785.0,1735.0,10978325507,1735.0,2023-03-20,negative
2023-03-21,1836.0,1725.0,1736.0,1807.0,10758627746,1807.0,2023-03-21,positive
2023-03-22,1821.0,1718.0,1805.0,1738.0,12484103560,1738.0,2023-03-22,negative
2023-03-23,1854.0,1733.0,1737.0,1816.0,11012966854,1816.0,2023-03-23,positive
2023-03-24,1820.0,1730.0,1816.0,1752.0,10913669383,1752.0,2023-03-24,negative
2023-03-25,1763.0,1717.0,1751.0,1744.0,6614309912,1744.0,2023-03-25,negative
2023-03-26,1798.0,1741.0,1744.0,1776.0,6990313307,1776.0,2023-03-26,positive
2023-03-27,1781.0,1691.0,1775.0,1715.0,8585750760,1715.0,2023-03-27,negative
2023-03-28,1791.0,1703.0,1715.0,1773.0,8346890042,1773.0,2023-03-28,positive
2023-03-29,1826.0,1773.0,1773.0,1793.0,9136176952,1793.0,2023-03-29,positive
2023-03-30,1827.0,1766.0,1793.0,1793.0,9724496987,1793.0,2023-03-30,positive
2023-03-31,1845.0,1783.0,1794.0,1822.0,9149379763,1822.0,2023-03-31,positive
2023-04-01,1840.0,1811.0,1822.0,1814.0,5556443606,1814.0,2023-04-01,negative
2023-04-02,1824.0,1775.0,1821.0,1796.0,6199721188,1796.0,2023-04-02,negative
2023-04-03,1839.0,1766.0,1795.0,1810.0,9643826401,1810.0,2023-04-03,positive
2023-04-04,1887.0,1803.0,1810.0,1871.0,10398322335,1871.0,2023-04-04,positive
2023-04-05,1937.0,1866.0,1871.0,1909.0,10319231689,1909.0,2023-04-05,positive
2023-04-06,1909.0,1857.0,1909.0,1873.0,8263191830,1873.0,2023-04-06,negative
2023-04-07,1882.0,1846.0,1873.0,1866.0,8356130492,1866.0,2023-04-07,negative
2023-04-08,1879.0,1849.0,1865.0,1849.0,5016362733,1849.0,2023-04-08,negative
2023-04-09,1873.0,1829.0,1850.0,1859.0,6361497715,1859.0,2023-04-09,negative
2023-04-10,1917.0,1848.0,1860.0,1911.0,8380134275,1911.0,2023-04-10,positive
2023-04-11,1937.0,1887.0,1911.0,1892.0,8877222956,1892.0,2023-04-11,positive
2023-04-12,1930.0,1860.0,1892.0,1921.0,11010714187,1921.0,2023-04-12,negative
2023-04-13,2022.0,1902.0,1918.0,2013.0,12546950499,2013.0,2023-04-13,positive
2023-04-14,2126.0,2012.0,2014.0,2102.0,16298099411,2102.0,2023-04-14,positive
2023-04-15,2111.0,2077.0,2102.0,2092.0,8036468153,2092.0,2023-04-15,negative
2023-04-16,2137.0,2077.0,2092.0,2120.0,7898126856,2120.0,2023-04-16,positive
2023-04-17,2120.0,2063.0,2120.0,2076.0,9648882546,2076.0,2023-04-17,negative
2023-04-18,2122.0,2058.0,2076.0,2105.0,9134015143,2105.0,2023-04-18,positive
2023-04-19,2105.0,1929.0,2104.0,1936.0,13779745451,1936.0,2023-04-19,negative
2023-04-20,1980.0,1918.0,1936.0,1943.0,11324135406,1943.0,2023-04-20,negative
2023-04-21,1956.0,1828.0,1943.0,1850.0,12044274581,1850.0,2023-04-21,negative
2023-04-22,1887.0,1846.0,1849.0,1874.0,6970642726,1874.0,2023-04-22,negative
2023-04-23,1882.0,1839.0,1874.0,1862.0,6607451862,1862.0,2023-04-23,negative
2023-04-24,1888.0,1812.0,1862.0,1843.0,8438191338,1843.0,2023-04-24,positive
2023-04-25,1877.0,1805.0,1842.0,1867.0,8677255481,1867.0,2023-04-25,negative
2023-04-26,1963.0,1792.0,1866.0,1867.0,14356524696,1867.0,2023-04-26,positive
2023-04-27,1937.0,1863.0,1867.0,1909.0,14008145806,1909.0,2023-04-27,negative
2023-04-28,1923.0,1876.0,1909.0,1893.0,7691759733,1893.0,2023-04-28,negative
2023-04-29,1917.0,1888.0,1893.0,1909.0,4796651246,1909.0,2023-04-29,negative
2023-04-30,1938.0,1877.0,1909.0,1877.0,6539641957,1877.0,2023-04-30,positive
2023-05-01,1886.0,1809.0,1869.0,1832.0,8625783201,1832.0,2023-05-01,negative
2023-05-02,1880.0,1824.0,1832.0,1871.0,7536785767,1871.0,2023-05-02,negative
2023-05-03,1916.0,1846.0,1871.0,1905.0,8306390869,1905.0,2023-05-03,positive
2023-05-04,1916.0,1869.0,1905.0,1878.0,6578438233,1878.0,2023-05-04,neutral
2023-05-05,1998.0,1877.0,1878.0,1995.0,9498261360,1995.0,2023-05-05,positive
2023-05-06,2018.0,1871.0,1995.0,1900.0,9623243037,1900.0,2023-05-06,positive
2023-05-07,1934.0,1873.0,1900.0,1873.0,6883942236,1873.0,2023-05-07,negative
2023-05-08,1886.0,1818.0,1872.0,1849.0,9895102899,1849.0,2023-05-08,negative
2023-05-09,1861.0,1833.0,1849.0,1849.0,6129516088,1849.0,2023-05-09,negative
2023-05-10,1887.0,1796.0,1848.0,1842.0,9945549603,1842.0,2023-05-10,positive
2023-05-11,1842.0,1774.0,1842.0,1796.0,8353828312,1796.0,2023-05-11,negative
2023-05-12,1812.0,1742.0,1795.0,1808.0,9047198660,1808.0,2023-05-12,negative
2023-05-13,1816.0,1788.0,1808.0,1796.0,4647630864,1796.0,2023-05-13,positive
2023-05-14,1823.0,1793.0,1796.0,1801.0,4711210241,1801.0,2023-05-14,positive
2023-05-15,1846.0,1788.0,1800.0,1818.0,6748889346,1818.0,2023-05-15,positive
2023-05-16,1830.0,1798.0,1817.0,1824.0,5595959668,1824.0,2023-05-16,negative
2023-05-17,1836.0,1787.0,1824.0,1822.0,6352161579,1822.0,2023-05-17,positive
2023-05-18,1831.0,1774.0,1822.0,1802.0,5673124255,1802.0,2023-05-18,negative
2023-05-19,1826.0,1797.0,1801.0,1813.0,4796110259,1813.0,2023-05-19,negative
2023-05-20,1829.0,1808.0,1813.0,1820.0,2951655969,1820.0,2023-05-20,positive
2023-05-21,1828.0,1800.0,1820.0,1805.0,3386768865,1805.0,2023-05-21,negative
2023-05-22,1827.0,1793.0,1805.0,1818.0,4534841049,1818.0,2023-05-22,negative
2023-05-23,1869.0,1816.0,1818.0,1854.0,6820047160,1854.0,2023-05-23,positive
2023-05-24,1854.0,1781.0,1854.0,1800.0,7101647419,1800.0,2023-05-24,negative
2023-05-25,1816.0,1763.0,1800.0,1806.0,6321689859,1806.0,2023-05-25,negative
2023-05-26,1838.0,1798.0,1806.0,1829.0,5451414258,1829.0,2023-05-26,positive
2023-05-27,1836.0,1817.0,1829.0,1831.0,3216737652,1831.0,2023-05-27,negative
2023-05-28,1916.0,1825.0,1831.0,1911.0,6359610561,1911.0,2023-05-28,positive
2023-05-29,1926.0,1879.0,1909.0,1893.0,5884674572,1893.0,2023-05-29,positive
2023-05-30,1917.0,1884.0,1893.0,1901.0,5363439784,1901.0,2023-05-30,negative
2023-05-31,1907.0,1852.0,1901.0,1874.0,5984512548,1874.0,2023-05-31,negative
2023-06-01,1888.0,1846.0,1874.0,1862.0,5640027197,1862.0,2023-06-01,negative
2023-06-02,1910.0,1852.0,1862.0,1907.0,6097746022,1907.0,2023-06-02,positive
2023-06-03,1909.0,1885.0,1907.0,1892.0,3472274607,1892.0,2023-06-03,negative
2023-06-04,1912.0,1886.0,1892.0,1891.0,3747042696,1891.0,2023-06-04,positive
2023-06-05,1891.0,1780.0,1890.0,1812.0,9246593033,1812.0,2023-06-05,negative
2023-06-06,1896.0,1801.0,1811.0,1884.0,8704411776,1884.0,2023-06-06,positive
2023-06-07,1894.0,1822.0,1884.0,1832.0,7919894455,1832.0,2023-06-07,negative
2023-06-08,1861.0,1830.0,1833.0,1846.0,4536041931,1846.0,2023-06-08,negative
2023-06-09,1855.0,1829.0,1846.0,1840.0,4610831509,1840.0,2023-06-09,negative
2023-06-10,1845.0,1721.0,1840.0,1752.0,10788500406,1752.0,2023-06-10,negative
2023-06-11,1777.0,1741.0,1753.0,1753.0,4559112981,1753.0,2023-06-11,negative
2023-06-12,1758.0,1723.0,1753.0,1743.0,6031384958,1743.0,2023-06-12,negative
